file,has_hidden_void,void_num,center_mass,bounds
5903545_2_2_void.stl,YES,1,"[30.381, -60.686, 23.663]","[[30.38, -60.687, 23.663], [30.382, -60.685, 23.664]]"
5816424_1_1_void.stl,NO,,,
5816424_1_0_void.stl,NO,,,
5805749_1_0_void.stl,YES,1,"[1.954, 23.991, 0.155]","[[1.762, 23.868, 0.137], [2.146, 24.114, 0.172]]"
5805749_1_0_void.stl,YES,2,"[13.714, 18.031, 1.786]","[[13.249, 17.582, 1.74], [14.179, 18.48, 1.832]]"
5805749_1_0_void.stl,YES,3,"[25.285, 26.272, 0.905]","[[25.237, 26.233, 0.897], [25.334, 26.311, 0.912]]"
5803369_7_0_void.stl,YES,1,"[-3.795, -14.35, 5.098]","[[-5.256, -18.696, 0.753], [-2.339, -10.002, 9.446]]"
5853274_1_0_void.stl,YES,1,"[52.424, -38.5, 29.01]","[[52.301, -38.625, 28.964], [52.548, -38.375, 29.057]]"
5853274_1_0_void.stl,YES,2,"[-44.278, -24.875, 71.649]","[[-44.31, -24.894, 71.633], [-44.245, -24.856, 71.666]]"
5819785_1_1_void.stl,NO,,,
5892823_1_0_void.stl,NO,,,
5892823_1_1_void.stl,NO,,,
5819785_1_0_void.stl,NO,,,
5826735_2_3_void.stl,YES,1,"[-5.188, -16.913, 7.905]","[[-5.863, -18.831, 7.658], [-4.513, -14.995, 8.151]]"
5864029_1_1_void.stl,NO,,,
5826735_2_2_void.stl,YES,1,"[28.9, 50.234, 2.624]","[[28.661, 49.945, 2.482], [29.139, 50.524, 2.766]]"
5826735_2_2_void.stl,YES,2,"[-7.286, 48.213, 23.817]","[[-7.436, 48.04, 23.753], [-7.137, 48.386, 23.882]]"
5826735_2_2_void.stl,YES,3,"[16.544, 18.0, 15.254]","[[15.509, 13.854, 14.764], [17.58, 22.146, 15.744]]"
5826735_2_2_void.stl,YES,4,"[27.053, 7.983, 20.14]","[[27.048, 7.978, 20.138], [27.057, 7.987, 20.142]]"
5864029_1_0_void.stl,NO,,,
5779197_1_0_void.stl,NO,,,
5771614_2_2_void.stl,NO,,,
5731853_3_1_void.stl,YES,1,"[-19.545, 28.875, 110.113]","[[-19.82, 28.819, 109.995], [-19.269, 28.931, 110.23]]"
5731853_3_0_void.stl,YES,1,"[2.885, 6.296, 0.453]","[[2.885, 6.296, 0.453], [2.885, 6.296, 0.453]]"
5731853_3_0_void.stl,YES,2,"[-15.189, 36.515, 59.286]","[[-15.246, 36.502, 59.238], [-15.132, 36.527, 59.334]]"
5782067_1_0_void.stl,YES,1,"[6.325, -1.515, 6.475]","[[6.325, -1.516, 6.475], [6.326, -1.515, 6.475]]"
5782067_1_0_void.stl,YES,2,"[2.803, -0.859, 0.171]","[[2.746, -0.954, 0.11], [2.86, -0.764, 0.231]]"
5782067_1_1_void.stl,YES,1,"[8.854, -0.273, 11.663]","[[8.846, -0.281, 11.656], [8.861, -0.266, 11.67]]"
5782067_1_1_void.stl,YES,2,"[2.953, 0.568, 0.675]","[[2.953, 0.568, 0.675], [2.953, 0.568, 0.675]]"
5782067_1_1_void.stl,YES,3,"[5.659, -0.702, 0.514]","[[5.619, -0.765, 0.397], [5.699, -0.64, 0.631]]"
5852998_1_1_void.stl,YES,1,"[25.425, 35.688, 0.667]","[[25.132, 35.349, 0.486], [25.717, 36.027, 0.849]]"
5852998_1_1_void.stl,YES,2,"[32.665, 19.67, 10.594]","[[32.587, 19.465, 10.55], [32.743, 19.874, 10.637]]"
5852998_1_1_void.stl,YES,3,"[32.031, 30.598, 0.945]","[[31.97, 30.52, 0.917], [32.092, 30.676, 0.973]]"
5852998_1_0_void.stl,NO,,,
5785050_1_1_void.stl,YES,1,"[2.554, 3.879, 5.809]","[[2.006, 3.239, 5.473], [3.103, 4.519, 6.145]]"
5785050_1_1_void.stl,YES,2,"[-1.212, 8.52, 7.931]","[[-1.241, 8.484, 7.905], [-1.184, 8.557, 7.957]]"
5785050_1_1_void.stl,YES,3,"[-11.577, -4.326, 24.841]","[[-11.721, -4.481, 24.678], [-11.434, -4.171, 25.003]]"
5903116_9_0_void.stl,YES,1,"[-21.633, -1.95, 44.236]","[[-22.764, -2.351, 43.512], [-20.503, -1.549, 44.96]]"
5785050_1_0_void.stl,YES,1,"[11.864, 2.134, 28.106]","[[9.79, 0.987, 25.872], [13.938, 3.282, 30.341]]"
5785050_1_0_void.stl,YES,2,"[5.328, 6.068, 9.063]","[[5.32, 6.062, 9.056], [5.336, 6.074, 9.07]]"
5785050_1_0_void.stl,YES,3,"[15.426, -6.068, 15.401]","[[15.29, -6.157, 15.257], [15.562, -5.979, 15.544]]"
5903116_9_1_void.stl,NO,,,
5835992_2_1_void.stl,YES,1,"[154.975, 159.769, 0.371]","[[154.974, 159.768, 0.371], [154.975, 159.769, 0.371]]"
5842342_1_1_void.stl,YES,1,"[-0.049, -1.235, 1.907]","[[-0.354, -1.353, 1.549], [0.257, -1.117, 2.265]]"
5842342_1_1_void.stl,YES,2,"[6.406, -0.866, 29.853]","[[6.36, -0.886, 29.799], [6.452, -0.847, 29.907]]"
5842342_1_1_void.stl,YES,3,"[7.002, 3.564, 25.47]","[[5.136, 3.115, 22.984], [8.869, 4.013, 27.955]]"
5842342_1_0_void.stl,YES,1,"[-2.954, -0.097, 27.618]","[[-3.245, -0.142, 27.235], [-2.663, -0.051, 28.002]]"
5842342_1_0_void.stl,YES,2,"[3.955, 1.744, 23.111]","[[3.612, 1.639, 22.567], [4.297, 1.85, 23.654]]"
5842342_1_0_void.stl,YES,3,"[-10.477, -1.863, 24.546]","[[-11.182, -2.063, 23.948], [-9.772, -1.663, 25.143]]"
5835992_2_0_void.stl,NO,,,
5885189_3_1_void.stl,YES,1,"[-2.5, 17.752, 3.019]","[[-2.567, 17.652, 2.946], [-2.433, 17.851, 3.092]]"
5885189_3_1_void.stl,YES,2,"[0.532, 18.773, 1.058]","[[0.529, 18.769, 1.057], [0.534, 18.777, 1.06]]"
5807879_2_1_void.stl,NO,,,
5911816_5_0_void.stl,NO,,,
5885189_3_0_void.stl,YES,1,"[2.298, 11.555, 4.293]","[[2.289, 11.542, 4.287], [2.307, 11.568, 4.299]]"
5807879_2_0_void.stl,YES,1,"[-17.579, 0.171, 4.555]","[[-17.579, 0.17, 4.555], [-17.578, 0.172, 4.555]]"
5807879_2_0_void.stl,YES,2,"[-7.956, 15.568, 4.355]","[[-7.956, 15.568, 4.355], [-7.955, 15.568, 4.355]]"
5807879_2_0_void.stl,YES,3,"[9.987, 15.164, 8.47]","[[9.866, 15.083, 8.438], [10.107, 15.245, 8.501]]"
5876392_1_0_void.stl,YES,1,"[10.111, 2.343, 3.541]","[[10.098, 2.331, 3.538], [10.124, 2.355, 3.545]]"
5876392_1_0_void.stl,YES,2,"[21.488, 11.246, 3.081]","[[21.458, 11.215, 3.071], [21.517, 11.276, 3.092]]"
5876392_1_0_void.stl,YES,3,"[9.553, 2.883, 0.435]","[[9.553, 2.883, 0.435], [9.553, 2.883, 0.435]]"
5876392_1_0_void.stl,YES,4,"[22.339, 13.295, 2.34]","[[22.305, 13.265, 2.324], [22.372, 13.326, 2.356]]"
5916098_1_2_void.stl,NO,,,
5848270_1_1_void.stl,NO,,,
5815802_1_0_void.stl,NO,,,
5916098_1_3_void.stl,YES,1,"[4.278, 5.749, 0.427]","[[4.275, 5.746, 0.426], [4.281, 5.752, 0.428]]"
5916098_1_3_void.stl,YES,2,"[-3.99, -5.314, 1.113]","[[-3.991, -5.315, 1.113], [-3.988, -5.312, 1.113]]"
5916098_1_3_void.stl,YES,3,"[-4.738, 5.221, 1.148]","[[-4.819, 5.14, 1.142], [-4.658, 5.302, 1.155]]"
5848270_1_0_void.stl,YES,1,"[100.11, 63.722, 2.937]","[[91.475, 60.694, 1.824], [108.745, 66.749, 4.05]]"
5815802_1_1_void.stl,YES,1,"[-14.904, 109.639, 32.603]","[[-14.925, 109.602, 32.593], [-14.883, 109.676, 32.612]]"
5815802_1_1_void.stl,YES,2,"[-14.573, 20.064, 20.852]","[[-14.574, 20.063, 20.852], [-14.572, 20.065, 20.852]]"
5815802_1_1_void.stl,YES,3,"[16.735, 82.148, 34.333]","[[16.621, 81.932, 34.299], [16.849, 82.364, 34.367]]"
5852984_1_2_void.stl,YES,1,"[2.246, 37.643, 5.163]","[[2.115, 37.36, 5.081], [2.377, 37.926, 5.245]]"
5852984_1_2_void.stl,YES,2,"[-31.972, 14.623, 5.904]","[[-31.972, 14.623, 5.903], [-31.972, 14.623, 5.904]]"
5852984_1_2_void.stl,YES,3,"[-11.203, 24.912, 8.928]","[[-11.204, 24.911, 8.928], [-11.201, 24.913, 8.929]]"
5852984_1_3_void.stl,YES,1,"[-32.258, -9.254, 4.298]","[[-32.258, -9.254, 4.298], [-32.257, -9.254, 4.298]]"
5771254_1_1_void.stl,NO,,,
5771254_1_0_void.stl,NO,,,
5777962_1_0_void.stl,YES,1,"[2.108, -1.101, 0.823]","[[2.107, -1.101, 0.822], [2.108, -1.101, 0.823]]"
5777962_1_0_void.stl,YES,2,"[7.507, -4.326, 0.524]","[[7.072, -4.631, 0.155], [7.942, -4.02, 0.892]]"
5777962_1_0_void.stl,YES,3,"[-14.992, -2.549, 21.511]","[[-14.993, -2.549, 21.511], [-14.991, -2.549, 21.511]]"
5777962_1_1_void.stl,YES,1,"[1.354, 5.039, 1.971]","[[1.35, 5.038, 1.969], [1.358, 5.041, 1.973]]"
5777962_1_1_void.stl,YES,2,"[-15.198, 0.227, 20.249]","[[-17.355, -1.033, 18.846], [-13.04, 1.487, 21.652]]"
5777962_1_1_void.stl,YES,3,"[16.792, -0.241, 16.778]","[[16.792, -0.241, 16.777], [16.793, -0.241, 16.778]]"
5777962_1_1_void.stl,YES,4,"[-12.255, -1.383, 0.313]","[[-12.255, -1.383, 0.313], [-12.255, -1.383, 0.313]]"
5758968_15_2_void.stl,YES,1,"[40.328, 61.656, 0.968]","[[40.118, 61.563, 0.913], [40.538, 61.75, 1.023]]"
5758968_15_2_void.stl,YES,2,"[68.404, 16.866, 1.932]","[[68.302, 16.787, 1.895], [68.506, 16.945, 1.969]]"
5789969_1_0_void.stl,NO,,,
5789969_1_1_void.stl,YES,1,"[51.821, 30.74, 79.897]","[[51.82, 30.739, 79.895], [51.822, 30.741, 79.898]]"
5789969_1_1_void.stl,YES,2,"[49.903, 14.297, 74.637]","[[49.891, 14.289, 74.627], [49.914, 14.306, 74.646]]"
5758968_15_3_void.stl,YES,1,"[-66.514, 8.988, 1.758]","[[-66.515, 8.986, 1.757], [-66.512, 8.991, 1.758]]"
5758968_15_3_void.stl,YES,2,"[-0.124, 64.328, 0.177]","[[-0.331, 64.166, 0.135], [0.082, 64.49, 0.22]]"
5758968_15_3_void.stl,YES,3,"[-65.252, -32.938, 4.441]","[[-65.293, -32.972, 4.424], [-65.21, -32.904, 4.459]]"
5758968_15_3_void.stl,YES,4,"[39.427, -62.304, 42.339]","[[39.204, -62.464, 42.273], [39.649, -62.145, 42.405]]"
5731853_2_3_void.stl,YES,1,"[-1.839, 25.944, 6.778]","[[-7.083, 22.462, 4.56], [3.406, 29.425, 8.997]]"
5731853_2_3_void.stl,YES,2,"[-13.863, 12.676, 7.321]","[[-13.925, 12.618, 7.287], [-13.802, 12.735, 7.354]]"
5731853_2_3_void.stl,YES,3,"[3.151, 8.837, 12.619]","[[2.902, 8.32, 12.442], [3.4, 9.353, 12.795]]"
5731853_2_2_void.stl,YES,1,"[10.598, 25.045, 26.003]","[[10.598, 25.045, 26.003], [10.598, 25.045, 26.003]]"
5731853_2_2_void.stl,YES,2,"[2.645, 26.469, 14.444]","[[2.575, 26.412, 14.424], [2.715, 26.526, 14.464]]"
5840852_6_1_void.stl,YES,1,"[-16.237, 5.35, 17.985]","[[-17.017, 3.966, 17.243], [-15.458, 6.735, 18.728]]"
5856715_6_0_void.stl,NO,,,
5840852_6_0_void.stl,YES,1,"[16.152, 4.164, 10.127]","[[11.425, -6.741, 6.295], [20.879, 15.069, 13.959]]"
5840852_6_0_void.stl,YES,2,"[-18.093, 7.78, 33.306]","[[-19.196, 6.723, 32.598], [-16.99, 8.837, 34.014]]"
5840852_6_0_void.stl,YES,3,"[-19.98, 22.771, 23.46]","[[-20.285, 22.437, 23.263], [-19.676, 23.106, 23.657]]"
5840852_6_0_void.stl,YES,4,"[-9.261, -22.211, 28.495]","[[-12.288, -26.104, 25.89], [-6.234, -18.319, 31.1]]"
5856715_6_1_void.stl,NO,,,
5827975_1_0_void.stl,YES,1,"[23.409, -2.773, 52.053]","[[23.407, -2.777, 52.048], [23.411, -2.769, 52.057]]"
5831826_1_0_void.stl,YES,1,"[14.31, 4.956, 27.966]","[[13.394, 4.561, 26.534], [15.225, 5.35, 29.398]]"
5831826_1_0_void.stl,YES,2,"[28.568, 7.133, 22.19]","[[27.885, 6.826, 20.904], [29.25, 7.44, 23.476]]"
5831826_1_0_void.stl,YES,3,"[25.362, 2.392, 20.866]","[[19.344, 0.669, 17.345], [31.38, 4.115, 24.388]]"
5831826_1_0_void.stl,YES,4,"[12.929, 11.148, 12.926]","[[12.883, 11.112, 12.831], [12.975, 11.185, 13.02]]"
5893039_2_1_void.stl,NO,,,
5893039_2_0_void.stl,YES,1,"[4.486, 12.183, 0.564]","[[4.471, 12.174, 0.544], [4.502, 12.192, 0.583]]"
5893039_2_0_void.stl,YES,2,"[9.645, 1.117, 0.749]","[[8.922, 0.609, 0.138], [10.368, 1.624, 1.36]]"
5893039_2_0_void.stl,YES,3,"[13.522, 1.998, 9.603]","[[13.483, 1.958, 9.577], [13.561, 2.038, 9.629]]"
5893039_2_0_void.stl,YES,4,"[4.553, 12.082, 3.828]","[[4.402, 11.924, 3.583], [4.703, 12.241, 4.073]]"
5831826_1_1_void.stl,NO,,,
5823799_5_0_void.stl,NO,,,
5882085_1_1_void.stl,NO,,,
5882085_1_0_void.stl,NO,,,
5761618_2_3_void.stl,NO,,,
5831757_1_0_void.stl,YES,1,"[-60.29, 3.262, 57.252]","[[-60.29, 3.262, 57.251], [-60.29, 3.262, 57.252]]"
5761618_2_2_void.stl,NO,,,
5864454_1_0_void.stl,YES,1,"[-0.265, 10.42, 7.375]","[[-0.454, 10.254, 7.31], [-0.076, 10.586, 7.439]]"
5864454_1_0_void.stl,YES,2,"[-14.734, -12.005, 2.742]","[[-18.711, -15.745, 2.313], [-10.757, -8.264, 3.171]]"
5846014_1_0_void.stl,YES,1,"[-25.823, -5.17, 2.738]","[[-25.899, -5.229, 2.709], [-25.746, -5.11, 2.767]]"
5846014_1_0_void.stl,YES,2,"[4.083, -27.235, 9.396]","[[4.075, -27.245, 9.394], [4.091, -27.225, 9.399]]"
5846014_1_0_void.stl,YES,3,"[17.764, 5.174, 10.18]","[[17.419, 4.96, 10.065], [18.109, 5.388, 10.295]]"
5846014_1_1_void.stl,YES,1,"[-7.922, 8.75, 14.671]","[[-8.568, 8.351, 14.553], [-7.276, 9.149, 14.79]]"
5864454_1_1_void.stl,NO,,,
5873277_3_1_void.stl,YES,1,"[34.243, -2.403, 3.438]","[[34.138, -2.46, 3.431], [34.347, -2.345, 3.444]]"
5873277_3_0_void.stl,YES,1,"[29.044, 15.381, 3.194]","[[27.814, 14.824, 3.133], [30.273, 15.939, 3.256]]"
5873277_3_0_void.stl,YES,2,"[-6.964, 16.693, 0.27]","[[-7.377, 16.326, 0.245], [-6.551, 17.06, 0.295]]"
5840784_1_0_void.stl,NO,,,
5885189_2_3_void.stl,NO,,,
5885189_2_2_void.stl,NO,,,
5831438_1_0_void.stl,NO,,,
5814566_1_1_void.stl,YES,1,"[35.845, -3.82, 5.28]","[[35.781, -3.988, 5.26], [35.91, -3.651, 5.299]]"
5814566_1_1_void.stl,YES,2,"[-35.68, -19.66, 9.215]","[[-35.68, -19.662, 9.215], [-35.679, -19.658, 9.215]]"
5831438_1_1_void.stl,NO,,,
5814566_1_0_void.stl,NO,,,
5830976_1_3_void.stl,NO,,,
5830976_1_2_void.stl,NO,,,
5903116_4_0_void.stl,NO,,,
5758968_2_0_void.stl,NO,,,
5758968_2_1_void.stl,YES,1,"[10.75, -3.135, 7.193]","[[10.735, -3.147, 7.19], [10.765, -3.122, 7.196]]"
5839581_1_0_void.stl,NO,,,
5846103_2_0_void.stl,YES,1,"[4.751, 4.809, 18.654]","[[4.75, 4.809, 18.654], [4.751, 4.809, 18.655]]"
5846103_2_1_void.stl,YES,1,"[1.889, 4.568, 8.814]","[[1.834, 4.55, 8.774], [1.944, 4.586, 8.854]]"
5846103_2_1_void.stl,YES,2,"[10.286, 6.648, 2.188]","[[10.109, 6.597, 2.072], [10.462, 6.7, 2.303]]"
5834623_1_0_void.stl,NO,,,
5834623_1_1_void.stl,NO,,,
5709416_5_3_void.stl,YES,1,"[45.289, 11.298, 67.695]","[[45.289, 11.298, 67.693], [45.29, 11.299, 67.696]]"
5709416_5_2_void.stl,YES,1,"[66.58, 11.912, 56.325]","[[66.576, 11.91, 56.314], [66.585, 11.914, 56.336]]"
5709416_5_2_void.stl,YES,2,"[66.522, 4.574, 66.551]","[[66.521, 4.574, 66.551], [66.522, 4.575, 66.552]]"
5838716_2_2_void.stl,NO,,,
5806528_1_0_void.stl,NO,,,
5840852_3_1_void.stl,NO,,,
5806528_1_1_void.stl,NO,,,
5838716_2_3_void.stl,NO,,,
5840852_3_0_void.stl,NO,,,
5815969_5_1_void.stl,NO,,,
5815969_5_0_void.stl,YES,1,"[9.168, 11.366, 48.196]","[[9.167, 11.365, 48.194], [9.168, 11.367, 48.197]]"
5815969_5_0_void.stl,YES,2,"[19.066, 9.821, 47.285]","[[19.01, 9.749, 47.216], [19.123, 9.893, 47.354]]"
5771406_1_0_void.stl,NO,,,
5771406_1_1_void.stl,NO,,,
5775050_1_0_void.stl,YES,1,"[0.053, 0.877, 2.681]","[[0.052, 0.874, 2.677], [0.053, 0.88, 2.684]]"
5775050_1_0_void.stl,YES,2,"[-0.417, 7.267, 3.669]","[[-0.447, 7.023, 3.454], [-0.388, 7.511, 3.885]]"
5775050_1_1_void.stl,NO,,,
5831735_1_0_void.stl,YES,1,"[-39.341, -85.015, 11.252]","[[-39.446, -85.275, 11.24], [-39.236, -84.754, 11.264]]"
5831735_1_0_void.stl,YES,2,"[24.921, -83.64, 3.25]","[[24.586, -84.007, 3.216], [25.257, -83.273, 3.283]]"
5831735_1_1_void.stl,YES,1,"[85.611, -16.936, 0.101]","[[84.466, -18.037, 0.01], [86.756, -15.835, 0.192]]"
5831735_1_1_void.stl,YES,2,"[-17.001, -95.942, 5.403]","[[-17.151, -96.048, 5.39], [-16.85, -95.835, 5.415]]"
5785245_2_3_void.stl,YES,1,"[22.021, -1.595, 0.419]","[[22.006, -1.61, 0.405], [22.035, -1.58, 0.433]]"
5785245_2_2_void.stl,NO,,,
5758968_7_0_void.stl,YES,1,"[33.758, -17.347, 39.572]","[[33.757, -17.35, 39.57], [33.759, -17.344, 39.575]]"
5758968_7_0_void.stl,YES,2,"[65.618, -12.957, 74.323]","[[65.609, -12.974, 74.309], [65.626, -12.94, 74.336]]"
5765487_2_3_void.stl,YES,1,"[34.482, 0.763, 35.631]","[[34.481, 0.762, 35.63], [34.482, 0.765, 35.631]]"
5765487_2_3_void.stl,YES,2,"[35.635, 14.369, 19.549]","[[35.634, 14.361, 19.546], [35.637, 14.378, 19.551]]"
5765487_2_3_void.stl,YES,3,"[26.506, -4.391, 18.751]","[[26.506, -4.391, 18.751], [26.506, -4.39, 18.751]]"
5758968_7_1_void.stl,YES,1,"[28.882, -17.722, 43.576]","[[28.881, -17.724, 43.574], [28.884, -17.72, 43.577]]"
5765487_2_2_void.stl,YES,1,"[27.302, -0.845, 25.733]","[[27.302, -0.845, 25.733], [27.302, -0.845, 25.733]]"
5903116_1_0_void.stl,NO,,,
5805228_1_2_void.stl,NO,,,
5903116_1_1_void.stl,YES,1,"[-3.406, -1.456, 10.504]","[[-3.446, -1.47, 10.456], [-3.367, -1.443, 10.552]]"
5903116_1_1_void.stl,YES,2,"[1.394, 1.638, 17.353]","[[1.393, 1.637, 17.353], [1.394, 1.638, 17.353]]"
5903116_1_1_void.stl,YES,3,"[-3.264, 0.25, 14.083]","[[-3.281, 0.244, 14.078], [-3.247, 0.256, 14.088]]"
5903116_1_1_void.stl,YES,4,"[-3.074, -0.877, 2.622]","[[-3.074, -0.877, 2.622], [-3.074, -0.877, 2.622]]"
5838704_2_2_void.stl,NO,,,
5838704_2_3_void.stl,NO,,,
5826410_1_1_void.stl,NO,,,
5826410_1_0_void.stl,NO,,,
5826522_2_0_void.stl,NO,,,
5834358_1_0_void.stl,YES,1,"[-5.313, 1.48, 0.232]","[[-5.313, 1.48, 0.232], [-5.313, 1.48, 0.232]]"
5819966_1_3_void.stl,NO,,,
5834358_1_1_void.stl,YES,1,"[-18.229, 19.026, 3.052]","[[-18.242, 18.998, 3.049], [-18.216, 19.053, 3.055]]"
5834358_1_1_void.stl,YES,2,"[-19.075, 28.156, 1.042]","[[-19.426, 27.589, 1.01], [-18.725, 28.723, 1.074]]"
5834358_1_1_void.stl,YES,3,"[13.775, 20.346, 2.165]","[[12.726, 18.627, 1.998], [14.825, 22.065, 2.332]]"
5819966_1_2_void.stl,NO,,,
5840784_4_1_void.stl,YES,1,"[96.418, 21.819, 35.286]","[[96.418, 21.819, 35.286], [96.419, 21.819, 35.286]]"
5840784_4_0_void.stl,YES,1,"[1.355, 16.499, 41.818]","[[0.852, 16.392, 41.316], [1.857, 16.607, 42.319]]"
5840784_4_0_void.stl,YES,2,"[23.413, 17.46, 51.25]","[[23.374, 17.452, 51.213], [23.452, 17.469, 51.287]]"
5844796_1_2_void.stl,NO,,,
5806465_2_2_void.stl,NO,,,
5806465_2_3_void.stl,NO,,,
5709416_4_1_void.stl,NO,,,
5709416_4_0_void.stl,YES,1,"[7.299, 5.131, 30.189]","[[6.428, 4.675, 28.694], [8.17, 5.587, 31.685]]"
5856715_2_2_void.stl,NO,,,
5856715_2_3_void.stl,NO,,,
5874516_1_2_void.stl,NO,,,
5846172_2_0_void.stl,YES,1,"[12.36, 34.413, 15.439]","[[12.359, 34.413, 15.439], [12.36, 34.414, 15.44]]"
5906677_1_1_void.stl,YES,1,"[2.034, 25.346, 14.288]","[[1.63, 24.752, 14.057], [2.437, 25.941, 14.519]]"
5906677_1_1_void.stl,YES,2,"[23.271, 79.738, 30.058]","[[22.803, 79.084, 29.409], [23.738, 80.391, 30.707]]"
5906677_1_0_void.stl,YES,1,"[76.781, 93.904, 18.037]","[[76.78, 93.904, 18.037], [76.781, 93.905, 18.038]]"
5836241_1_3_void.stl,YES,1,"[-6.612, -8.6, 2.338]","[[-6.648, -8.684, 2.321], [-6.576, -8.517, 2.355]]"
5836241_1_3_void.stl,YES,2,"[-2.077, 36.569, 7.66]","[[-2.103, 36.55, 7.647], [-2.051, 36.587, 7.674]]"
5832367_2_0_void.stl,YES,1,"[-1.276, 0.759, 0.473]","[[-1.304, 0.739, 0.471], [-1.249, 0.779, 0.474]]"
5832367_2_0_void.stl,YES,2,"[-0.593, -2.462, 0.26]","[[-0.598, -2.465, 0.259], [-0.589, -2.458, 0.26]]"
5836241_1_2_void.stl,YES,1,"[-23.699, -8.292, 0.999]","[[-23.701, -8.293, 0.999], [-23.698, -8.291, 1.0]]"
5832367_2_1_void.stl,NO,,,
5795794_1_1_void.stl,NO,,,
5795794_1_0_void.stl,YES,1,"[13.684, 94.613, 4.794]","[[13.684, 94.613, 4.794], [13.684, 94.614, 4.794]]"
5803369_2_0_void.stl,NO,,,
5797392_1_2_void.stl,NO,,,
5414790_1_0_void.stl,YES,1,"[-7.853, 3.949, 4.212]","[[-7.867, 3.929, 4.203], [-7.838, 3.969, 4.22]]"
5840784_5_2_void.stl,YES,1,"[205.314, 16.46, 94.99]","[[205.312, 16.46, 94.988], [205.317, 16.461, 94.992]]"
5799425_3_0_void.stl,YES,1,"[0.028, -0.291, 0.148]","[[-0.209, -1.071, 0.098], [0.264, 0.488, 0.198]]"
5799425_3_0_void.stl,YES,2,"[0.218, -1.831, 0.168]","[[0.189, -2.021, 0.16], [0.248, -1.64, 0.176]]"
5799425_3_0_void.stl,YES,3,"[0.209, 2.256, 0.142]","[[0.195, 2.127, 0.137], [0.222, 2.385, 0.147]]"
5799425_3_1_void.stl,NO,,,
5885189_6_1_void.stl,YES,1,"[4.703, 32.486, 4.366]","[[4.547, 30.817, 4.237], [4.86, 34.154, 4.495]]"
5885189_6_1_void.stl,YES,2,"[3.434, 25.174, 6.496]","[[3.428, 25.084, 6.485], [3.44, 25.265, 6.507]]"
5885189_6_1_void.stl,YES,3,"[3.872, 74.983, 5.652]","[[3.544, 71.99, 5.403], [4.2, 77.977, 5.901]]"
5885189_6_1_void.stl,YES,4,"[2.444, 78.56, 0.541]","[[2.44, 78.534, 0.539], [2.447, 78.586, 0.543]]"
5885189_6_1_void.stl,YES,5,"[0.762, 16.455, 0.086]","[[0.761, 16.448, 0.085], [0.763, 16.461, 0.087]]"
5885189_6_0_void.stl,YES,1,"[2.652, 82.526, 0.291]","[[2.628, 82.271, 0.277], [2.676, 82.782, 0.305]]"
5826710_2_2_void.stl,NO,,,
5785050_4_1_void.stl,YES,1,"[-34.695, -13.461, 0.219]","[[-34.789, -13.517, 0.199], [-34.601, -13.406, 0.239]]"
5785050_4_1_void.stl,YES,2,"[53.413, 7.108, 16.417]","[[52.098, 6.649, 16.156], [54.728, 7.566, 16.678]]"
5785050_4_1_void.stl,YES,3,"[43.943, -2.271, 13.899]","[[43.935, -2.278, 13.897], [43.95, -2.264, 13.9]]"
5785050_4_1_void.stl,YES,4,"[50.456, -19.291, 15.706]","[[46.863, -20.117, 15.391], [54.048, -18.466, 16.021]]"
5785050_4_1_void.stl,YES,5,"[53.231, 2.857, 16.574]","[[53.194, 2.851, 16.569], [53.268, 2.863, 16.579]]"
5785050_4_0_void.stl,YES,1,"[47.371, 4.685, 15.879]","[[47.333, 4.674, 15.876], [47.408, 4.695, 15.882]]"
5785050_4_0_void.stl,YES,2,"[-27.363, -3.288, 1.474]","[[-27.363, -3.288, 1.474], [-27.363, -3.288, 1.474]]"
5821964_1_2_void.stl,NO,,,
5765487_3_1_void.stl,YES,1,"[-16.668, 1.698, 37.2]","[[-16.802, 1.535, 37.117], [-16.534, 1.861, 37.283]]"
5765487_3_1_void.stl,YES,2,"[-2.185, -9.63, 18.678]","[[-2.578, -10.216, 18.143], [-1.792, -9.043, 19.213]]"
5765487_3_0_void.stl,YES,1,"[-0.62, 10.397, 30.974]","[[-0.62, 10.397, 30.973], [-0.62, 10.398, 30.974]]"
5765487_3_0_void.stl,YES,2,"[-28.025, -5.813, 49.271]","[[-29.328, -6.435, 48.625], [-26.721, -5.19, 49.916]]"
5922756_1_2_void.stl,NO,,,
5868332_1_1_void.stl,NO,,,
5868332_1_0_void.stl,NO,,,
5885189_1_0_void.stl,NO,,,
5885189_1_1_void.stl,NO,,,
5868576_2_1_void.stl,YES,1,"[10.124, 3.734, 6.245]","[[9.563, 3.332, 6.178], [10.686, 4.136, 6.311]]"
5868576_2_1_void.stl,YES,2,"[9.985, 21.812, 9.801]","[[9.969, 21.799, 9.797], [10.002, 21.826, 9.805]]"
5847293_2_0_void.stl,YES,1,"[8.182, 2.387, 0.877]","[[5.804, 1.854, 0.824], [10.561, 2.919, 0.93]]"
5847293_2_1_void.stl,YES,1,"[32.911, 2.153, 1.718]","[[31.769, 1.92, 1.674], [34.053, 2.386, 1.762]]"
5868576_2_0_void.stl,YES,1,"[29.052, 31.314, 3.632]","[[28.756, 30.962, 3.553], [29.347, 31.665, 3.71]]"
5868576_2_0_void.stl,YES,2,"[23.498, 8.354, 7.376]","[[23.492, 8.343, 7.374], [23.505, 8.364, 7.378]]"
5758968_1_3_void.stl,YES,1,"[-16.038, 3.695, 3.107]","[[-16.038, 3.694, 3.107], [-16.037, 3.696, 3.108]]"
5765487_4_0_void.stl,YES,1,"[28.941, 15.397, 30.638]","[[28.94, 15.396, 30.637], [28.942, 15.398, 30.638]]"
5765487_4_0_void.stl,YES,2,"[21.141, 15.856, 35.892]","[[21.122, 15.818, 35.854], [21.159, 15.894, 35.93]]"
5765487_4_0_void.stl,YES,3,"[17.682, 14.029, 3.999]","[[17.344, 13.825, 3.728], [18.02, 14.233, 4.269]]"
5758968_1_2_void.stl,YES,1,"[23.901, 9.747, 0.304]","[[23.843, 9.719, 0.287], [23.958, 9.776, 0.322]]"
5773521_3_1_void.stl,NO,,,
5773521_3_0_void.stl,NO,,,
5761618_1_0_void.stl,NO,,,
5761618_1_1_void.stl,NO,,,
5882023_1_1_void.stl,NO,,,
5882023_1_0_void.stl,YES,1,"[56.266, 0.33, 1.844]","[[56.262, 0.327, 1.844], [56.27, 0.332, 1.845]]"
5831426_1_0_void.stl,NO,,,
5831426_1_1_void.stl,NO,,,
5799425_4_1_void.stl,NO,,,
5857991_1_0_void.stl,NO,,,
5799425_4_0_void.stl,YES,1,"[-0.205, 1.438, 1.094]","[[-0.226, 1.137, 1.054], [-0.185, 1.739, 1.133]]"
5799425_4_0_void.stl,YES,2,"[0.199, 2.647, 0.956]","[[0.159, 0.803, 0.772], [0.24, 4.49, 1.139]]"
5857991_1_1_void.stl,NO,,,
5803922_1_3_void.stl,YES,1,"[1.473, -5.307, 2.066]","[[1.473, -5.307, 2.065], [1.473, -5.306, 2.066]]"
5803922_1_3_void.stl,YES,2,"[-14.34, 4.65, 22.352]","[[-14.341, 4.649, 22.352], [-14.34, 4.65, 22.353]]"
5803922_1_2_void.stl,NO,,,
5921592_1_0_void.stl,NO,,,
5921592_1_1_void.stl,YES,1,"[-2.861, 8.862, 1.29]","[[-2.863, 8.86, 1.29], [-2.858, 8.864, 1.291]]"
5921592_1_1_void.stl,YES,2,"[-2.228, -8.791, 1.598]","[[-2.253, -8.82, 1.591], [-2.204, -8.761, 1.604]]"
5765652_2_0_void.stl,YES,1,"[-0.0, 10.0, 10.0]","[[-9.2, 0.8, 0.8], [9.2, 19.2, 19.2]]"
5434965_1_3_void.stl,YES,1,"[-9.959, 7.598, 6.697]","[[-9.992, 7.56, 6.682], [-9.925, 7.635, 6.712]]"
5765652_2_1_void.stl,YES,1,"[0.0, 10.0, 10.0]","[[-9.2, 0.8, 0.8], [9.2, 19.2, 19.2]]"
5765652_2_1_void.stl,YES,2,"[-4.508, 18.593, 1.197]","[[-4.509, 18.593, 1.196], [-4.507, 18.594, 1.197]]"
5765652_2_1_void.stl,YES,3,"[-2.235, 0.43, 17.092]","[[-2.278, 0.411, 17.033], [-2.192, 0.45, 17.15]]"
5765652_2_1_void.stl,YES,4,"[9.95, 4.164, 5.716]","[[9.95, 4.164, 5.716], [9.951, 4.164, 5.716]]"
5434965_1_2_void.stl,YES,1,"[-7.788, 3.257, 10.209]","[[-8.464, 1.748, 9.844], [-7.111, 4.767, 10.574]]"
5434965_1_2_void.stl,YES,2,"[-6.296, -8.389, 3.152]","[[-8.823, -9.744, 2.389], [-3.769, -7.034, 3.916]]"
5434965_1_2_void.stl,YES,3,"[13.057, -0.276, 0.664]","[[13.049, -0.288, 0.661], [13.066, -0.263, 0.666]]"
5434965_1_2_void.stl,YES,4,"[7.233, 1.166, 8.2]","[[6.941, 0.819, 8.071], [7.525, 1.513, 8.33]]"
5796265_1_0_void.stl,YES,1,"[-17.241, 67.363, 0.103]","[[-17.346, 67.337, 0.091], [-17.135, 67.388, 0.115]]"
5805749_3_1_void.stl,YES,1,"[32.671, 1.393, 4.856]","[[32.648, 1.39, 4.852], [32.694, 1.396, 4.861]]"
5805749_3_0_void.stl,YES,1,"[5.502, 4.776, 1.398]","[[5.48, 4.771, 1.394], [5.524, 4.78, 1.401]]"
5821387_1_0_void.stl,YES,1,"[-1.595, -49.941, 0.475]","[[-1.7, -50.037, 0.468], [-1.489, -49.846, 0.482]]"
5821387_1_0_void.stl,YES,2,"[-21.167, 32.412, 0.32]","[[-21.167, 32.412, 0.32], [-21.167, 32.412, 0.32]]"
5803369_11_2_void.stl,NO,,,
5821387_1_1_void.stl,NO,,,
5803369_11_3_void.stl,NO,,,
5709416_3_0_void.stl,YES,1,"[16.853, 0.552, 52.92]","[[16.853, 0.552, 52.92], [16.854, 0.552, 52.921]]"
5840852_5_2_void.stl,NO,,,
5731853_1_0_void.stl,NO,,,
5780726_1_2_void.stl,NO,,,
5921362_1_3_void.stl,YES,1,"[5.414, -9.543, 3.654]","[[5.411, -9.547, 3.653], [5.417, -9.539, 3.654]]"
5921362_1_3_void.stl,YES,2,"[9.889, 4.763, 3.228]","[[9.889, 4.763, 3.228], [9.889, 4.763, 3.228]]"
5921362_1_2_void.stl,NO,,,
5840852_9_0_void.stl,YES,1,"[-11.315, -16.533, 29.23]","[[-15.772, -21.589, 25.988], [-6.859, -11.476, 32.473]]"
5840852_9_0_void.stl,YES,2,"[-18.068, -14.239, 16.39]","[[-19.347, -15.435, 15.395], [-16.789, -13.042, 17.385]]"
5840852_9_0_void.stl,YES,3,"[-1.728, -2.902, 10.517]","[[-3.697, -4.06, 9.514], [0.242, -1.743, 11.521]]"
5840852_9_0_void.stl,YES,4,"[-2.443, 7.245, 6.057]","[[-2.581, 7.111, 6.011], [-2.305, 7.379, 6.103]]"
5840852_9_0_void.stl,YES,5,"[-10.609, -9.689, 20.049]","[[-10.858, -10.015, 19.76], [-10.359, -9.364, 20.337]]"
5840852_9_1_void.stl,YES,1,"[6.808, -19.031, 10.965]","[[5.757, -20.084, 10.028], [7.859, -17.977, 11.902]]"
5840852_9_1_void.stl,YES,2,"[12.376, 14.025, 2.334]","[[11.057, 12.536, 1.06], [13.695, 15.514, 3.609]]"
5840852_9_1_void.stl,YES,3,"[-17.028, 1.619, 2.258]","[[-18.016, 0.996, 1.332], [-16.041, 2.242, 3.184]]"
5873277_1_0_void.stl,NO,,,
5840784_3_0_void.stl,YES,1,"[10.351, 9.987, 79.268]","[[10.329, 9.984, 79.251], [10.373, 9.99, 79.284]]"
5840784_3_1_void.stl,YES,1,"[66.033, 22.355, 119.995]","[[64.649, 21.889, 118.751], [67.417, 22.821, 121.24]]"
5840784_3_1_void.stl,YES,2,"[148.215, 14.289, 42.264]","[[148.083, 14.266, 42.117], [148.347, 14.313, 42.412]]"
5840784_3_1_void.stl,YES,3,"[18.247, 11.969, 74.455]","[[6.443, 11.158, 68.019], [30.051, 12.78, 80.891]]"
5840784_3_1_void.stl,YES,4,"[118.733, 10.131, 116.278]","[[118.732, 10.131, 116.278], [118.734, 10.131, 116.279]]"
5873277_1_1_void.stl,NO,,,
5911816_6_2_void.stl,NO,,,
5830102_1_1_void.stl,YES,1,"[-21.046, 10.813, 37.781]","[[-22.27, 9.868, 37.454], [-19.822, 11.757, 38.107]]"
5837782_1_3_void.stl,YES,1,"[31.068, -47.105, 1.064]","[[31.051, -47.138, 1.06], [31.086, -47.073, 1.067]]"
5837782_1_3_void.stl,YES,2,"[40.281, 42.978, 6.866]","[[40.274, 42.96, 6.864], [40.287, 42.995, 6.868]]"
5837782_1_3_void.stl,YES,3,"[-9.148, 27.722, 1.311]","[[-9.15, 27.719, 1.311], [-9.145, 27.725, 1.311]]"
5837782_1_3_void.stl,YES,4,"[34.326, 39.057, 0.317]","[[34.325, 39.057, 0.317], [34.326, 39.057, 0.317]]"
5830102_1_0_void.stl,YES,1,"[-17.634, 29.752, 44.342]","[[-17.829, 29.583, 44.224], [-17.439, 29.921, 44.46]]"
5830102_1_0_void.stl,YES,2,"[61.609, 26.633, 31.196]","[[61.538, 26.575, 31.157], [61.68, 26.691, 31.236]]"
5830102_1_0_void.stl,YES,3,"[-3.212, -26.656, 41.82]","[[-3.23, -26.678, 41.812], [-3.194, -26.635, 41.828]]"
5830102_1_0_void.stl,YES,4,"[43.067, -21.261, 14.759]","[[43.067, -21.261, 14.759], [43.067, -21.26, 14.759]]"
5831402_1_0_void.stl,YES,1,"[-7.526, 3.145, 14.901]","[[-7.62, 3.074, 14.491], [-7.431, 3.215, 15.311]]"
5831402_1_0_void.stl,YES,2,"[-7.471, -5.054, 1.104]","[[-7.471, -5.054, 1.104], [-7.471, -5.054, 1.105]]"
5831402_1_0_void.stl,YES,3,"[-6.272, -0.58, 0.394]","[[-6.275, -0.583, 0.388], [-6.27, -0.577, 0.4]]"
5831402_1_0_void.stl,YES,4,"[7.687, -3.578, 33.752]","[[7.576, -3.718, 32.86], [7.798, -3.438, 34.644]]"
5837782_1_2_void.stl,NO,,,
5785050_2_2_void.stl,YES,1,"[-11.245, -3.637, 18.705]","[[-11.289, -3.66, 18.675], [-11.2, -3.615, 18.735]]"
5903116_6_1_void.stl,YES,1,"[6.822, 4.074, 0.438]","[[6.031, 3.312, 0.293], [7.613, 4.835, 0.583]]"
5903116_6_0_void.stl,YES,1,"[6.023, 6.75, 2.536]","[[5.56, 6.372, 2.301], [6.486, 7.127, 2.771]]"
5903116_6_0_void.stl,YES,2,"[-2.585, 7.495, 2.707]","[[-2.742, 7.085, 2.605], [-2.427, 7.906, 2.81]]"
5859701_1_1_void.stl,NO,,,
5859701_1_0_void.stl,NO,,,
5849854_2_2_void.stl,NO,,,
5849854_2_3_void.stl,NO,,,
5879302_1_0_void.stl,NO,,,
5826735_1_0_void.stl,NO,,,
5879302_1_1_void.stl,NO,,,
5826735_1_1_void.stl,NO,,,
5856715_4_1_void.stl,NO,,,
5840852_4_0_void.stl,YES,1,"[6.555, 4.984, 6.924]","[[5.403, 3.73, 5.507], [7.708, 6.238, 8.34]]"
5840852_4_0_void.stl,YES,2,"[17.676, -1.951, 12.697]","[[16.051, -3.752, 11.898], [19.301, -0.151, 13.497]]"
5856715_4_0_void.stl,NO,,,
5840852_4_1_void.stl,YES,1,"[15.67, -12.07, 33.122]","[[15.668, -12.072, 33.119], [15.672, -12.068, 33.126]]"
5840852_8_2_void.stl,YES,1,"[-0.73, -15.145, 33.598]","[[-1.339, -15.677, 33.193], [-0.12, -14.613, 34.004]]"
5840852_8_2_void.stl,YES,2,"[18.485, 8.908, 18.223]","[[18.097, 8.37, 17.912], [18.873, 9.445, 18.535]]"
5875428_1_0_void.stl,NO,,,
5795286_1_1_void.stl,YES,1,"[-21.68, 52.158, 15.7]","[[-22.014, 51.921, 15.408], [-21.347, 52.395, 15.992]]"
5815969_2_0_void.stl,NO,,,
5856398_1_2_void.stl,YES,1,"[2.006, -14.722, 3.522]","[[1.362, -19.552, 2.988], [2.649, -9.893, 4.055]]"
5856398_1_2_void.stl,YES,2,"[1.525, 35.782, 12.397]","[[1.427, 34.662, 12.035], [1.624, 36.903, 12.758]]"
5830353_1_2_void.stl,YES,1,"[0.294, -1.481, 0.104]","[[0.289, -1.488, 0.102], [0.3, -1.475, 0.106]]"
5856398_1_3_void.stl,NO,,,
5903545_1_0_void.stl,NO,,,
5821076_2_1_void.stl,YES,1,"[39.882, 48.573, 45.882]","[[39.69, 48.504, 45.648], [40.074, 48.642, 46.116]]"
5821076_2_0_void.stl,YES,1,"[-31.264, 51.758, 69.004]","[[-31.607, 51.618, 68.801], [-30.922, 51.897, 69.208]]"
5821076_2_0_void.stl,YES,2,"[19.53, 43.12, 2.334]","[[19.53, 43.12, 2.334], [19.531, 43.12, 2.334]]"
5803369_10_0_void.stl,NO,,,
5823799_7_0_void.stl,NO,,,
5823799_7_1_void.stl,NO,,,
5826710_1_0_void.stl,NO,,,
5826710_1_1_void.stl,YES,1,"[0.222, 40.342, 5.422]","[[0.105, 40.204, 5.377], [0.339, 40.48, 5.466]]"
5800155_1_1_void.stl,YES,1,"[0.0, 7.463, 9.121]","[[-7.999, -0.537, 2.0], [7.999, 15.457, 16.243]]"
5866985_1_3_void.stl,YES,1,"[-9.156, 13.4, 8.867]","[[-10.91, 10.197, 7.414], [-7.403, 16.602, 10.32]]"
5866985_1_3_void.stl,YES,2,"[5.63, 5.81, 8.197]","[[-0.41, 1.461, 2.68], [11.67, 10.16, 13.713]]"
5866985_1_3_void.stl,YES,3,"[-3.758, 5.898, 8.881]","[[-6.902, 3.571, 5.78], [-0.613, 8.226, 11.981]]"
5911816_3_2_void.stl,YES,1,"[26.449, 3.463, 2.717]","[[26.325, 3.438, 2.681], [26.573, 3.489, 2.754]]"
5866985_1_2_void.stl,YES,1,"[13.865, 5.089, 21.172]","[[12.269, 3.932, 19.826], [15.461, 6.245, 22.517]]"
5866985_1_2_void.stl,YES,2,"[4.5, -11.64, 6.863]","[[1.409, -18.296, 1.715], [7.591, -4.984, 12.011]]"
5885189_9_0_void.stl,NO,,,
5885189_9_1_void.stl,NO,,,
5903116_3_1_void.stl,NO,,,
5903116_3_0_void.stl,NO,,,
5821964_2_0_void.stl,YES,1,"[-6.136, -1.013, 0.64]","[[-6.195, -1.087, 0.614], [-6.077, -0.939, 0.666]]"
5821964_2_0_void.stl,YES,2,"[6.346, 0.655, 4.061]","[[6.337, 0.65, 4.057], [6.355, 0.66, 4.065]]"
5822295_1_3_void.stl,YES,1,"[24.085, -13.503, 8.507]","[[24.084, -13.504, 8.506], [24.086, -13.502, 8.507]]"
5822295_1_3_void.stl,YES,2,"[39.098, -8.452, 7.956]","[[38.959, -8.564, 7.908], [39.236, -8.34, 8.004]]"
5822295_1_3_void.stl,YES,3,"[34.874, -3.611, 3.691]","[[34.037, -5.343, 3.542], [35.711, -1.879, 3.84]]"
5822295_1_2_void.stl,YES,1,"[39.351, -12.665, 9.169]","[[39.351, -12.666, 9.169], [39.351, -12.665, 9.169]]"
5822295_1_2_void.stl,YES,2,"[39.013, -4.579, 6.39]","[[37.863, -7.127, 5.848], [40.164, -2.032, 6.931]]"
5822295_1_2_void.stl,YES,3,"[33.354, 2.503, 3.521]","[[32.263, 0.297, 3.213], [34.445, 4.708, 3.829]]"
5797392_2_0_void.stl,NO,,,
5842650_1_0_void.stl,NO,,,
5797392_2_1_void.stl,YES,1,"[16.07, 13.271, 6.918]","[[16.068, 13.269, 6.916], [16.071, 13.272, 6.92]]"
5797392_2_1_void.stl,YES,2,"[7.753, 5.564, 4.464]","[[7.753, 5.564, 4.463], [7.753, 5.564, 4.464]]"
5829845_1_0_void.stl,NO,,,
5805844_1_0_void.stl,YES,1,"[118.952, 34.395, 0.711]","[[118.757, 34.238, 0.708], [119.146, 34.552, 0.713]]"
5805844_1_0_void.stl,YES,2,"[31.18, 33.806, 0.815]","[[6.682, 24.985, 0.586], [55.677, 42.628, 1.043]]"
5805844_1_0_void.stl,YES,3,"[62.207, 15.648, 1.74]","[[61.958, 15.575, 1.738], [62.455, 15.721, 1.741]]"
5805844_1_0_void.stl,YES,4,"[112.93, 27.153, 0.224]","[[112.929, 27.152, 0.224], [112.93, 27.153, 0.224]]"
5805844_1_0_void.stl,YES,5,"[105.096, 23.242, 1.211]","[[104.4, 22.779, 1.2], [105.792, 23.705, 1.222]]"
5829845_1_1_void.stl,NO,,,
5805844_1_1_void.stl,YES,1,"[142.11, 25.326, 1.139]","[[142.104, 25.324, 1.139], [142.115, 25.328, 1.139]]"
5805844_1_1_void.stl,YES,2,"[165.85, 42.165, 0.409]","[[165.786, 42.154, 0.409], [165.915, 42.175, 0.41]]"
5805844_1_1_void.stl,YES,3,"[123.897, 1.575, 0.83]","[[123.1, 1.137, 0.82], [124.694, 2.013, 0.84]]"
5758968_13_0_void.stl,YES,1,"[6.328, -2.839, 1.009]","[[5.466, -3.443, 0.915], [7.19, -2.235, 1.102]]"
5758968_13_0_void.stl,YES,2,"[0.249, 7.277, 1.507]","[[-0.82, 6.647, 1.35], [1.319, 7.907, 1.665]]"
5872677_1_0_void.stl,YES,1,"[-32.883, -36.461, 1.746]","[[-32.914, -36.515, 1.743], [-32.852, -36.406, 1.75]]"
5872677_1_0_void.stl,YES,2,"[-34.023, -45.882, 6.755]","[[-34.025, -45.884, 6.754], [-34.022, -45.881, 6.755]]"
5872677_1_0_void.stl,YES,3,"[1.918, 51.816, 5.661]","[[0.831, 50.273, 5.597], [3.005, 53.36, 5.725]]"
5872677_1_1_void.stl,NO,,,
5823799_2_0_void.stl,YES,1,"[270.867, 10.464, 14.392]","[[270.753, 10.406, 14.375], [270.98, 10.523, 14.408]]"
5825805_1_2_void.stl,YES,1,"[4.074, 10.763, 23.949]","[[3.999, 10.752, 23.913], [4.149, 10.775, 23.986]]"
5825805_1_2_void.stl,YES,2,"[-19.56, 10.294, 19.894]","[[-20.401, 9.916, 19.514], [-18.719, 10.672, 20.274]]"
5825805_1_2_void.stl,YES,3,"[21.849, 10.294, 19.895]","[[21.779, 10.227, 19.854], [21.918, 10.361, 19.936]]"
5823799_2_1_void.stl,NO,,,
5797055_1_0_void.stl,YES,1,"[61.679, 4.885, 61.377]","[[61.613, 4.881, 61.266], [61.744, 4.89, 61.487]]"
5797055_1_0_void.stl,YES,2,"[29.105, 7.209, 155.015]","[[27.498, 7.109, 153.339], [30.713, 7.309, 156.69]]"
5797055_1_0_void.stl,YES,3,"[-20.805, 5.957, 44.365]","[[-20.814, 5.956, 44.352], [-20.795, 5.957, 44.378]]"
5797055_1_0_void.stl,YES,4,"[-20.101, 5.59, 51.023]","[[-20.113, 5.59, 51.005], [-20.089, 5.59, 51.041]]"
5797055_1_0_void.stl,YES,5,"[47.426, 7.948, 79.588]","[[34.341, 7.062, 60.922], [60.51, 8.834, 98.254]]"
5797055_1_1_void.stl,YES,1,"[-38.966, 8.352, 56.699]","[[-38.994, 8.351, 56.641], [-38.938, 8.353, 56.757]]"
5797055_1_1_void.stl,YES,2,"[-31.031, 5.19, 154.295]","[[-36.546, 4.93, 149.981], [-25.515, 5.451, 158.608]]"
5797055_1_1_void.stl,YES,3,"[-67.648, 3.372, 24.276]","[[-67.649, 3.372, 24.273], [-67.648, 3.372, 24.278]]"
5797055_1_1_void.stl,YES,4,"[-20.901, 3.49, 173.089]","[[-20.916, 3.489, 173.056], [-20.886, 3.492, 173.121]]"
5797055_1_1_void.stl,YES,5,"[41.481, 8.676, 143.063]","[[35.577, 8.431, 138.606], [47.385, 8.922, 147.521]]"
5840852_1_0_void.stl,NO,,,
5840852_1_1_void.stl,YES,1,"[-1.331, 1.566, 9.837]","[[-20.858, -6.4, 5.284], [18.195, 9.532, 14.391]]"
5806465_1_1_void.stl,NO,,,
5763731_1_2_void.stl,NO,,,
5806465_1_0_void.stl,YES,1,"[61.228, 19.526, 0.302]","[[60.967, 19.072, 0.299], [61.489, 19.98, 0.306]]"
5771406_3_1_void.stl,NO,,,
5771406_3_0_void.stl,NO,,,
5846172_1_2_void.stl,YES,1,"[3.303, 99.845, 46.545]","[[3.303, 99.844, 46.544], [3.303, 99.846, 46.545]]"
5846172_1_2_void.stl,YES,2,"[4.946, 2.226, 11.971]","[[4.945, 2.224, 11.97], [4.946, 2.228, 11.972]]"
5857441_1_1_void.stl,YES,1,"[6.643, -6.808, 0.76]","[[6.597, -6.828, 0.758], [6.69, -6.789, 0.762]]"
5857441_1_0_void.stl,NO,,,
5769537_1_0_void.stl,NO,,,
5771278_2_1_void.stl,YES,1,"[7.958, 1.992, 1.701]","[[7.403, 1.503, 1.666], [8.513, 2.482, 1.736]]"
5771278_2_1_void.stl,YES,2,"[29.086, 4.378, 3.319]","[[29.067, 4.366, 3.318], [29.105, 4.39, 3.32]]"
5771278_2_1_void.stl,YES,3,"[21.868, 14.138, 3.406]","[[21.833, 14.113, 3.405], [21.903, 14.162, 3.408]]"
5769537_1_1_void.stl,NO,,,
5771278_2_0_void.stl,YES,1,"[22.497, 4.41, 1.743]","[[18.955, 2.281, 1.487], [26.038, 6.538, 1.998]]"
5771278_2_0_void.stl,YES,2,"[8.995, 14.032, 3.172]","[[8.973, 14.001, 3.171], [9.017, 14.063, 3.174]]"
5838704_1_1_void.stl,NO,,,
5838704_1_0_void.stl,NO,,,
5927031_1_2_void.stl,YES,1,"[2.587, 5.358, 15.665]","[[2.584, 5.347, 15.648], [2.589, 5.37, 15.683]]"
5927031_1_2_void.stl,YES,2,"[2.528, 7.616, 18.006]","[[2.528, 7.616, 18.006], [2.528, 7.616, 18.006]]"
5799425_1_1_void.stl,YES,1,"[0.228, 0.105, 1.805]","[[0.226, 0.102, 1.799], [0.23, 0.108, 1.812]]"
5799425_1_0_void.stl,YES,1,"[0.15, -0.074, 0.29]","[[0.141, -0.083, 0.263], [0.159, -0.066, 0.318]]"
5799425_1_0_void.stl,YES,2,"[-0.214, 0.13, 0.073]","[[-0.215, 0.129, 0.07], [-0.213, 0.132, 0.076]]"
5826522_1_2_void.stl,NO,,,
5758968_12_2_void.stl,YES,1,"[1.177, 6.141, 21.277]","[[1.071, 5.876, 20.762], [1.283, 6.406, 21.793]]"
5758968_12_2_void.stl,YES,2,"[-0.253, 5.775, 5.167]","[[-0.356, 5.025, 4.399], [-0.149, 6.525, 5.934]]"
5885189_4_0_void.stl,NO,,,
5785245_1_0_void.stl,YES,1,"[17.901, 2.168, 0.729]","[[17.895, 2.165, 0.723], [17.907, 2.172, 0.734]]"
5785245_1_0_void.stl,YES,2,"[4.78, 22.284, 6.717]","[[4.778, 22.282, 6.716], [4.781, 22.286, 6.719]]"
5911816_2_1_void.stl,YES,1,"[0.634, 7.034, 15.414]","[[0.633, 7.027, 15.41], [0.635, 7.041, 15.418]]"
5911816_2_1_void.stl,YES,2,"[6.219, 7.739, 7.261]","[[6.21, 7.714, 7.232], [6.228, 7.764, 7.289]]"
5911816_2_1_void.stl,YES,3,"[3.801, -4.521, 2.497]","[[3.798, -4.529, 2.492], [3.803, -4.512, 2.502]]"
5911816_2_1_void.stl,YES,4,"[3.852, -2.846, 4.143]","[[3.81, -2.966, 4.05], [3.894, -2.727, 4.236]]"
5911816_2_1_void.stl,YES,5,"[3.666, 4.037, 2.145]","[[3.552, 3.65, 1.816], [3.781, 4.424, 2.474]]"
5911816_2_0_void.stl,YES,1,"[2.329, -4.931, 10.751]","[[2.327, -4.938, 10.746], [2.331, -4.923, 10.757]]"
5911816_2_0_void.stl,YES,2,"[5.588, -4.847, 2.657]","[[5.587, -4.85, 2.653], [5.589, -4.844, 2.66]]"
5911816_2_0_void.stl,YES,3,"[5.801, -0.541, 16.441]","[[5.731, -0.741, 16.362], [5.871, -0.34, 16.521]]"
5911816_2_0_void.stl,YES,4,"[3.777, 1.956, 4.209]","[[3.777, 1.956, 4.208], [3.777, 1.957, 4.209]]"
5758968_8_0_void.stl,NO,,,
5785245_1_1_void.stl,YES,1,"[11.478, 4.196, 4.939]","[[11.469, 4.187, 4.931], [11.488, 4.205, 4.946]]"
5785245_1_1_void.stl,YES,2,"[29.77, 19.386, 7.917]","[[28.236, 18.815, 7.128], [31.303, 19.957, 8.706]]"
5785245_1_1_void.stl,YES,3,"[26.733, 4.764, 29.321]","[[25.111, 4.165, 27.881], [28.354, 5.364, 30.761]]"
5785050_6_0_void.stl,NO,,,
5782691_2_1_void.stl,NO,,,
5782691_2_0_void.stl,YES,1,"[-10.711, 19.501, 0.306]","[[-10.808, 19.44, 0.283], [-10.614, 19.562, 0.33]]"
5903116_2_2_void.stl,YES,1,"[-7.17, 3.003, 26.244]","[[-7.765, 2.908, 25.833], [-6.574, 3.097, 26.656]]"
5903116_2_2_void.stl,YES,2,"[-13.132, 1.251, 34.457]","[[-13.248, 1.197, 34.392], [-13.017, 1.305, 34.521]]"
5903116_2_2_void.stl,YES,3,"[8.89, -2.194, 23.292]","[[8.885, -2.196, 23.29], [8.895, -2.191, 23.295]]"
5903116_2_2_void.stl,YES,4,"[-9.714, 3.858, 7.561]","[[-9.715, 3.858, 7.56], [-9.713, 3.858, 7.561]]"
5903116_2_2_void.stl,YES,5,"[-2.197, 3.083, 14.054]","[[-2.336, 3.032, 13.987], [-2.058, 3.134, 14.121]]"
5856723_1_0_void.stl,NO,,,
5856723_1_1_void.stl,NO,,,
5840913_1_1_void.stl,NO,,,
5840913_1_0_void.stl,NO,,,
5765487_1_0_void.stl,YES,1,"[42.306, 3.956, 7.88]","[[42.228, 3.827, 7.854], [42.385, 4.085, 7.905]]"
5765487_1_0_void.stl,YES,2,"[68.575, 13.255, 10.328]","[[68.575, 13.254, 10.328], [68.575, 13.255, 10.328]]"
5765487_1_0_void.stl,YES,3,"[75.108, -17.634, 4.453]","[[74.549, -18.156, 4.339], [75.666, -17.112, 4.567]]"
5765487_1_0_void.stl,YES,4,"[66.708, -49.493, 2.557]","[[66.586, -49.729, 2.528], [66.831, -49.257, 2.585]]"
5885189_8_2_void.stl,NO,,,
5885189_8_3_void.stl,NO,,,
5765487_1_1_void.stl,YES,1,"[68.326, 25.212, 9.646]","[[68.326, 25.211, 9.646], [68.327, 25.214, 9.647]]"
5765487_1_1_void.stl,YES,2,"[43.246, -5.717, 13.294]","[[43.244, -5.722, 13.294], [43.249, -5.713, 13.295]]"
5765487_1_1_void.stl,YES,3,"[58.63, 2.708, 13.481]","[[57.033, 0.15, 12.777], [60.226, 5.266, 14.185]]"
5731853_4_0_void.stl,YES,1,"[-13.579, 3.528, 13.131]","[[-14.148, 3.165, 12.896], [-13.009, 3.891, 13.365]]"
5838716_1_1_void.stl,NO,,,
5838716_1_0_void.stl,NO,,,
5887493_1_1_void.stl,YES,1,"[8.96, 0.99, 19.72]","[[8.96, 0.989, 19.719], [8.961, 0.99, 19.721]]"
5887493_1_0_void.stl,YES,1,"[-11.021, -3.342, 10.475]","[[-11.094, -3.362, 10.425], [-10.949, -3.322, 10.526]]"
5821942_1_0_void.stl,NO,,,
5821942_1_1_void.stl,NO,,,
5846890_1_0_void.stl,YES,1,"[7.444, -3.61, 2.73]","[[7.253, -3.736, 2.706], [7.635, -3.483, 2.755]]"
5846890_1_0_void.stl,YES,2,"[-4.632, -8.972, 0.704]","[[-4.642, -8.981, 0.702], [-4.622, -8.962, 0.707]]"
5846890_1_0_void.stl,YES,3,"[-3.238, 2.508, 1.831]","[[-3.239, 2.508, 1.831], [-3.238, 2.508, 1.831]]"
5839581_2_2_void.stl,YES,1,"[-20.133, -4.457, 2.634]","[[-20.156, -4.488, 2.631], [-20.11, -4.427, 2.637]]"
5839581_2_2_void.stl,YES,2,"[20.574, 36.513, 4.227]","[[20.573, 36.512, 4.227], [20.574, 36.514, 4.227]]"
5846890_1_1_void.stl,YES,1,"[-5.096, 11.033, 7.681]","[[-5.139, 10.988, 7.674], [-5.053, 11.077, 7.688]]"
5846890_1_1_void.stl,YES,2,"[1.686, -3.229, 10.438]","[[1.594, -3.274, 10.41], [1.777, -3.183, 10.466]]"
5846890_1_1_void.stl,YES,3,"[2.718, -3.681, 4.12]","[[2.703, -3.692, 4.117], [2.733, -3.67, 4.122]]"
5846890_1_1_void.stl,YES,4,"[1.248, -3.919, 10.958]","[[1.247, -3.919, 10.958], [1.249, -3.918, 10.958]]"
5831456_1_0_void.stl,NO,,,
5761827_1_2_void.stl,YES,1,"[32.658, -54.372, 22.152]","[[28.831, -56.898, 16.291], [36.486, -51.845, 28.013]]"
5761827_1_2_void.stl,YES,2,"[-37.385, -43.619, 69.337]","[[-45.395, -59.732, 59.146], [-29.375, -27.507, 79.528]]"
5709416_4_2_void.stl,YES,1,"[25.564, 1.601, 22.304]","[[25.554, 1.594, 22.295], [25.574, 1.608, 22.313]]"
5709416_4_2_void.stl,YES,2,"[30.899, 18.357, 28.557]","[[30.897, 18.356, 28.556], [30.9, 18.357, 28.558]]"
5709416_4_3_void.stl,YES,1,"[17.142, 11.172, 15.835]","[[17.134, 11.167, 15.83], [17.15, 11.178, 15.84]]"
5709416_4_3_void.stl,YES,2,"[32.911, 15.013, 19.273]","[[32.899, 15.008, 19.264], [32.922, 15.018, 19.283]]"
5840852_2_0_void.stl,YES,1,"[0.407, 24.296, 17.675]","[[0.292, 24.215, 17.617], [0.522, 24.377, 17.733]]"
5840852_2_0_void.stl,YES,2,"[-0.757, 14.949, 4.08]","[[-0.757, 14.949, 4.079], [-0.756, 14.949, 4.08]]"
5840852_2_0_void.stl,YES,3,"[-0.246, 19.287, 15.287]","[[-0.61, 18.827, 15.067], [0.119, 19.747, 15.508]]"
5840852_2_0_void.stl,YES,4,"[-0.734, 20.348, 19.033]","[[-0.82, 20.254, 18.979], [-0.648, 20.442, 19.087]]"
5856715_2_1_void.stl,NO,,,
5856715_2_0_void.stl,NO,,,
5844796_1_0_void.stl,NO,,,
5844796_1_1_void.stl,NO,,,
5800327_3_0_void.stl,NO,,,
5806465_2_1_void.stl,NO,,,
5806465_2_0_void.stl,NO,,,
5800327_3_1_void.stl,YES,1,"[-0.922, -4.256, 1.426]","[[-0.923, -4.257, 1.424], [-0.92, -4.255, 1.429]]"
5906677_1_2_void.stl,YES,1,"[39.261, 1.35, 0.904]","[[39.252, 1.343, 0.901], [39.27, 1.358, 0.906]]"
5906677_1_3_void.stl,YES,1,"[71.602, 74.762, 33.636]","[[71.595, 74.758, 33.633], [71.61, 74.767, 33.639]]"
5771278_1_0_void.stl,NO,,,
5874516_1_1_void.stl,YES,1,"[-2.393, 1.116, 1.536]","[[-2.393, 1.116, 1.536], [-2.393, 1.116, 1.536]]"
5874516_1_0_void.stl,YES,1,"[3.692, 0.422, 2.233]","[[3.641, 0.396, 2.211], [3.744, 0.447, 2.256]]"
5874516_1_0_void.stl,YES,2,"[-1.631, 1.691, 0.776]","[[-1.673, 1.661, 0.756], [-1.589, 1.72, 0.796]]"
5874516_1_0_void.stl,YES,3,"[-1.803, -1.592, 1.07]","[[-1.817, -1.604, 1.067], [-1.789, -1.581, 1.074]]"
5836241_1_0_void.stl,NO,,,
5832367_2_2_void.stl,YES,1,"[-1.496, -1.643, 0.419]","[[-1.497, -1.643, 0.419], [-1.495, -1.642, 0.419]]"
5832367_2_2_void.stl,YES,2,"[0.243, -2.108, 0.219]","[[-0.635, -2.497, 0.146], [1.12, -1.72, 0.292]]"
5832367_2_2_void.stl,YES,3,"[-1.509, 0.913, 0.66]","[[-1.755, 0.732, 0.649], [-1.263, 1.095, 0.671]]"
5836241_1_1_void.stl,NO,,,
5795794_1_2_void.stl,YES,1,"[6.711, 41.373, 2.552]","[[6.71, 41.372, 2.552], [6.712, 41.375, 2.552]]"
5795794_1_2_void.stl,YES,2,"[37.778, 124.045, 1.578]","[[37.73, 123.939, 1.572], [37.826, 124.151, 1.583]]"
5795794_1_2_void.stl,YES,3,"[1.526, 44.926, 0.834]","[[1.524, 44.923, 0.834], [1.527, 44.928, 0.834]]"
5795794_1_3_void.stl,NO,,,
5797392_1_0_void.stl,YES,1,"[8.363, 34.23, 3.005]","[[8.362, 34.228, 3.004], [8.363, 34.231, 3.006]]"
5797392_1_1_void.stl,NO,,,
5840784_5_0_void.stl,YES,1,"[196.381, 6.326, 28.314]","[[196.372, 6.324, 28.31], [196.39, 6.328, 28.318]]"
5840784_5_1_void.stl,YES,1,"[183.263, 9.367, 30.744]","[[183.251, 9.366, 30.739], [183.275, 9.369, 30.75]]"
5840784_5_1_void.stl,YES,2,"[274.91, 8.928, 56.197]","[[274.904, 8.927, 56.193], [274.917, 8.928, 56.201]]"
5799425_3_2_void.stl,YES,1,"[0.228, 0.4, 0.137]","[[0.182, -0.14, 0.12], [0.274, 0.94, 0.153]]"
5799425_3_2_void.stl,YES,2,"[-0.086, -2.014, 0.247]","[[-0.115, -2.49, 0.219], [-0.056, -1.538, 0.275]]"
5785050_4_2_void.stl,YES,1,"[-2.336, -20.326, 6.02]","[[-2.367, -20.337, 6.015], [-2.304, -20.316, 6.025]]"
5785050_4_2_void.stl,YES,2,"[38.485, -21.038, 13.285]","[[37.678, -21.421, 13.126], [39.293, -20.654, 13.444]]"
5785050_4_3_void.stl,YES,1,"[-6.967, -18.75, 7.564]","[[-8.669, -19.443, 7.296], [-5.266, -18.056, 7.833]]"
5785050_4_3_void.stl,YES,2,"[-0.509, 19.912, 4.035]","[[-0.509, 19.912, 4.035], [-0.509, 19.912, 4.035]]"
5785050_4_3_void.stl,YES,3,"[23.116, -8.924, 4.95]","[[22.52, -9.12, 4.757], [23.711, -8.727, 5.143]]"
5785050_4_3_void.stl,YES,4,"[32.794, -12.724, 15.577]","[[32.725, -12.748, 15.565], [32.863, -12.7, 15.588]]"
5885189_6_2_void.stl,YES,1,"[1.154, 93.6, 0.761]","[[1.082, 92.897, 0.698], [1.226, 94.303, 0.824]]"
5885189_6_2_void.stl,YES,2,"[3.726, 61.102, 4.477]","[[3.724, 61.091, 4.476], [3.729, 61.113, 4.478]]"
5885189_6_2_void.stl,YES,3,"[1.897, 89.736, 1.501]","[[1.888, 89.692, 1.49], [1.907, 89.779, 1.511]]"
5826710_2_0_void.stl,NO,,,
5826710_2_1_void.stl,NO,,,
5765487_3_2_void.stl,NO,,,
5862256_1_0_void.stl,NO,,,
5765487_3_3_void.stl,NO,,,
5821964_1_1_void.stl,YES,1,"[6.09, -4.903, 18.358]","[[6.084, -4.906, 18.355], [6.096, -4.899, 18.361]]"
5821964_1_1_void.stl,YES,2,"[15.384, 5.185, 0.277]","[[15.323, 5.152, 0.25], [15.446, 5.219, 0.303]]"
5821964_1_1_void.stl,YES,3,"[-4.926, -6.013, 0.516]","[[-5.279, -6.136, 0.303], [-4.572, -5.89, 0.73]]"
5821964_1_0_void.stl,YES,1,"[33.586, -7.414, 10.962]","[[33.579, -7.416, 10.959], [33.592, -7.411, 10.965]]"
5846103_2_3_void.stl,YES,1,"[17.905, 3.772, 5.099]","[[17.867, 3.755, 5.055], [17.944, 3.789, 5.143]]"
5846103_2_3_void.stl,YES,2,"[3.444, 5.252, 9.088]","[[3.41, 5.239, 9.06], [3.478, 5.266, 9.116]]"
5846103_2_2_void.stl,YES,1,"[4.31, 5.547, 15.022]","[[4.309, 5.547, 15.021], [4.311, 5.548, 15.023]]"
5846103_2_2_void.stl,YES,2,"[11.499, 1.737, 17.148]","[[11.436, 1.697, 17.087], [11.562, 1.778, 17.21]]"
5803369_3_0_void.stl,NO,,,
5803369_3_1_void.stl,NO,,,
5834623_1_2_void.stl,NO,,,
5568839_1_0_void.stl,NO,,,
5709416_5_0_void.stl,NO,,,
5709416_5_1_void.stl,NO,,,
5838716_2_1_void.stl,NO,,,
5806528_1_2_void.stl,NO,,,
5838716_2_0_void.stl,NO,,,
5775050_1_3_void.stl,NO,,,
5846172_3_0_void.stl,YES,1,"[11.833, 7.671, 9.244]","[[11.807, 7.65, 9.206], [11.859, 7.691, 9.283]]"
5846172_3_1_void.stl,YES,1,"[11.319, 1.164, 9.946]","[[11.314, 1.159, 9.938], [11.324, 1.169, 9.953]]"
5846172_3_1_void.stl,YES,2,"[1.063, 19.708, 1.125]","[[1.062, 19.708, 1.125], [1.063, 19.709, 1.126]]"
5775050_1_2_void.stl,YES,1,"[-0.817, 9.872, 0.824]","[[-0.831, 9.851, 0.798], [-0.802, 9.894, 0.851]]"
5775050_1_2_void.stl,YES,2,"[0.702, 2.24, 0.349]","[[0.686, 2.199, 0.294], [0.719, 2.28, 0.404]]"
5775050_1_2_void.stl,YES,3,"[-0.204, 3.477, 2.833]","[[-0.204, 3.476, 2.832], [-0.203, 3.477, 2.833]]"
5775050_1_2_void.stl,YES,4,"[-1.487, 6.316, 0.717]","[[-1.498, 6.282, 0.692], [-1.475, 6.349, 0.742]]"
5775050_1_2_void.stl,YES,5,"[0.446, 7.631, 4.768]","[[0.413, 7.511, 4.657], [0.479, 7.751, 4.879]]"
5815969_5_2_void.stl,YES,1,"[33.095, 54.707, 41.431]","[[32.893, 54.452, 41.288], [33.296, 54.963, 41.573]]"
5815969_5_2_void.stl,YES,2,"[0.451, 10.448, 2.711]","[[0.451, 10.447, 2.71], [0.452, 10.45, 2.712]]"
5771406_1_2_void.stl,NO,,,
5911816_1_1_void.stl,YES,1,"[-0.532, 50.571, 115.712]","[[-0.56, 50.556, 115.665], [-0.504, 50.585, 115.758]]"
5911816_1_1_void.stl,YES,2,"[-4.697, 78.083, 61.835]","[[-4.708, 78.08, 61.824], [-4.686, 78.086, 61.846]]"
5785245_2_0_void.stl,NO,,,
5785245_2_1_void.stl,NO,,,
5785050_5_0_void.stl,YES,1,"[54.716, -12.457, 17.115]","[[54.654, -12.485, 17.103], [54.779, -12.429, 17.128]]"
5785050_5_0_void.stl,YES,2,"[18.134, 15.72, 1.903]","[[18.133, 15.719, 1.903], [18.136, 15.721, 1.904]]"
5805228_1_1_void.stl,NO,,,
5805228_1_0_void.stl,YES,1,"[60.88, 64.682, 6.317]","[[60.547, 64.351, 6.254], [61.214, 65.012, 6.379]]"
5765487_2_0_void.stl,YES,1,"[27.32, -3.85, 17.008]","[[27.242, -4.094, 16.933], [27.398, -3.607, 17.083]]"
5765487_2_0_void.stl,YES,2,"[26.056, -5.726, 31.779]","[[26.056, -5.727, 31.778], [26.056, -5.726, 31.779]]"
5765487_2_0_void.stl,YES,3,"[-2.765, -16.985, 3.685]","[[-2.765, -16.985, 3.685], [-2.764, -16.984, 3.686]]"
5765487_2_1_void.stl,YES,1,"[26.298, 1.532, 22.438]","[[26.177, 1.374, 22.383], [26.418, 1.69, 22.493]]"
5758968_7_2_void.stl,YES,1,"[25.596, -21.941, 49.132]","[[25.578, -22.016, 49.06], [25.614, -21.866, 49.203]]"
5758968_7_2_void.stl,YES,2,"[35.016, -16.988, 69.196]","[[35.016, -16.989, 69.195], [35.016, -16.987, 69.198]]"
5838704_2_1_void.stl,NO,,,
5838704_2_0_void.stl,NO,,,
5840784_4_2_void.stl,YES,1,"[95.386, 12.608, 71.133]","[[73.822, 9.413, 55.477], [116.95, 15.804, 86.789]]"
5840784_4_2_void.stl,YES,2,"[111.397, 16.196, 81.137]","[[111.137, 16.168, 80.948], [111.657, 16.224, 81.326]]"
5840784_4_2_void.stl,YES,3,"[127.158, 5.907, 41.285]","[[127.109, 5.902, 41.269], [127.206, 5.912, 41.301]]"
5840784_4_2_void.stl,YES,4,"[110.495, 16.653, 34.224]","[[110.073, 16.593, 33.917], [110.917, 16.713, 34.531]]"
5840784_4_2_void.stl,YES,5,"[42.325, 13.685, 24.332]","[[42.221, 13.671, 24.281], [42.429, 13.699, 24.383]]"
5840784_4_3_void.stl,YES,1,"[105.872, 6.923, 88.809]","[[77.425, 4.929, 80.457], [134.318, 8.917, 97.16]]"
5840784_4_3_void.stl,YES,2,"[25.551, 18.932, 95.21]","[[25.497, 18.922, 95.164], [25.604, 18.943, 95.256]]"
5819966_1_0_void.stl,YES,1,"[0.549, 1.559, 0.611]","[[0.52, 1.537, 0.517], [0.578, 1.581, 0.705]]"
5819966_1_0_void.stl,YES,2,"[-1.68, -0.256, 4.051]","[[-1.692, -0.27, 4.026], [-1.667, -0.242, 4.076]]"
5819966_1_0_void.stl,YES,3,"[0.6, -1.899, 1.468]","[[0.551, -1.936, 1.368], [0.649, -1.862, 1.568]]"
5819966_1_0_void.stl,YES,4,"[1.159, 1.33, 8.632]","[[1.115, 1.288, 8.577], [1.203, 1.373, 8.686]]"
5819966_1_1_void.stl,NO,,,
5840852_6_2_void.stl,YES,1,"[2.846, 22.433, 13.676]","[[-1.567, 18.814, 10.434], [7.26, 26.053, 16.917]]"
5840852_6_2_void.stl,YES,2,"[-6.627, 5.571, 30.432]","[[-6.926, 5.306, 30.215], [-6.327, 5.835, 30.65]]"
5856715_6_2_void.stl,NO,,,
5840852_6_3_void.stl,YES,1,"[-17.396, 23.368, 18.086]","[[-17.488, 23.205, 18.03], [-17.304, 23.531, 18.142]]"
5840852_6_3_void.stl,YES,2,"[-3.083, -16.584, 6.258]","[[-4.029, -17.158, 5.425], [-2.136, -16.01, 7.091]]"
5840852_6_3_void.stl,YES,3,"[-3.016, -27.045, 12.869]","[[-3.231, -27.288, 12.711], [-2.801, -26.803, 13.026]]"
5731853_2_0_void.stl,NO,,,
5731853_2_1_void.stl,YES,1,"[-17.036, 13.886, 19.335]","[[-21.103, 5.492, 15.785], [-12.969, 22.281, 22.885]]"
5841108_1_0_void.stl,NO,,,
5838731_1_0_void.stl,YES,1,"[-11.291, 4.086, 6.798]","[[-12.558, 0.641, 6.594], [-10.025, 7.531, 7.003]]"
5838731_1_0_void.stl,YES,2,"[-4.929, -19.57, 9.857]","[[-5.277, -20.978, 9.608], [-4.581, -18.161, 10.106]]"
5838731_1_0_void.stl,YES,3,"[-14.573, 18.349, 0.194]","[[-14.856, 17.693, 0.073], [-14.29, 19.005, 0.314]]"
5838731_1_0_void.stl,YES,4,"[9.359, -27.775, 10.563]","[[9.249, -28.266, 10.502], [9.469, -27.284, 10.624]]"
5893039_2_2_void.stl,YES,1,"[0.733, 1.336, 3.565]","[[0.705, 1.305, 3.545], [0.76, 1.367, 3.584]]"
5893039_2_2_void.stl,YES,2,"[11.812, 10.909, 4.183]","[[11.668, 10.819, 4.092], [11.955, 10.999, 4.274]]"
5893039_2_2_void.stl,YES,3,"[1.259, 9.479, 1.621]","[[1.259, 9.479, 1.621], [1.259, 9.479, 1.621]]"
5893039_2_3_void.stl,YES,1,"[6.491, 12.435, 13.213]","[[6.475, 12.402, 13.17], [6.508, 12.467, 13.257]]"
5831826_1_2_void.stl,YES,1,"[15.871, 2.199, 12.069]","[[15.871, 2.199, 12.069], [15.871, 2.199, 12.069]]"
5761618_2_0_void.stl,NO,,,
5761618_2_1_void.stl,NO,,,
5846014_1_3_void.stl,YES,1,"[-25.95, -6.598, 3.008]","[[-25.951, -6.599, 3.008], [-25.949, -6.597, 3.008]]"
5846014_1_3_void.stl,YES,2,"[-11.842, 16.895, 9.531]","[[-11.845, 16.892, 9.529], [-11.84, 16.898, 9.533]]"
5846014_1_3_void.stl,YES,3,"[20.404, 13.246, 9.914]","[[20.395, 13.241, 9.911], [20.413, 13.252, 9.918]]"
5846014_1_3_void.stl,YES,4,"[23.728, -7.627, 7.037]","[[23.652, -7.798, 7.014], [23.804, -7.457, 7.061]]"
5817303_1_0_void.stl,NO,,,
5846014_1_2_void.stl,YES,1,"[-1.718, 19.789, 8.267]","[[-1.722, 19.786, 8.266], [-1.714, 19.792, 8.268]]"
5864454_1_2_void.stl,YES,1,"[-3.018, 14.573, 9.527]","[[-4.049, 13.477, 9.298], [-1.988, 15.669, 9.756]]"
5864454_1_2_void.stl,YES,2,"[-16.358, 11.461, 9.883]","[[-18.64, 8.772, 9.141], [-14.075, 14.151, 10.625]]"
5873277_3_2_void.stl,YES,1,"[-28.04, 16.995, 1.585]","[[-28.701, 16.084, 1.506], [-27.379, 17.905, 1.663]]"
5873277_3_2_void.stl,YES,2,"[-6.722, 17.057, 2.632]","[[-6.748, 17.049, 2.631], [-6.695, 17.065, 2.633]]"
5873277_3_2_void.stl,YES,3,"[25.882, 11.553, 2.898]","[[25.862, 11.547, 2.897], [25.903, 11.559, 2.9]]"
5873277_3_2_void.stl,YES,4,"[29.685, 0.474, 0.502]","[[29.221, 0.226, 0.478], [30.149, 0.721, 0.527]]"
5830976_1_0_void.stl,NO,,,
5835992_3_0_void.stl,NO,,,
5830976_1_1_void.stl,NO,,,
5835992_3_1_void.stl,NO,,,
5911816_4_1_void.stl,YES,1,"[-23.174, 30.494, 76.643]","[[-23.256, 30.485, 76.611], [-23.092, 30.503, 76.675]]"
5885189_2_0_void.stl,NO,,,
5864856_1_0_void.stl,YES,1,"[-12.294, 0.139, 28.35]","[[-12.294, 0.139, 28.349], [-12.294, 0.139, 28.35]]"
5864856_1_0_void.stl,YES,2,"[-13.738, 0.243, 32.719]","[[-13.869, 0.139, 32.481], [-13.608, 0.347, 32.957]]"
5864856_1_0_void.stl,YES,3,"[-14.07, 2.927, 16.563]","[[-14.14, 2.81, 16.477], [-13.999, 3.043, 16.649]]"
5864856_1_0_void.stl,YES,4,"[9.827, 8.442, 16.451]","[[9.822, 8.437, 16.445], [9.831, 8.448, 16.458]]"
5864856_1_0_void.stl,YES,5,"[-12.222, -8.249, 37.029]","[[-12.269, -8.281, 36.965], [-12.175, -8.217, 37.092]]"
5911816_4_0_void.stl,YES,1,"[17.213, 31.796, 65.408]","[[11.564, 31.064, 63.3], [22.863, 32.528, 67.515]]"
5911816_4_0_void.stl,YES,2,"[-15.22, 50.967, 83.96]","[[-15.864, 50.878, 83.443], [-14.576, 51.057, 84.477]]"
5864856_1_1_void.stl,YES,1,"[10.561, -7.525, 16.589]","[[10.561, -7.525, 16.588], [10.561, -7.525, 16.589]]"
5864856_1_1_void.stl,YES,2,"[-10.7, -9.534, 32.216]","[[-10.701, -9.535, 32.215], [-10.699, -9.533, 32.217]]"
5885189_2_1_void.stl,NO,,,
5758968_2_2_void.stl,YES,1,"[-9.991, -1.174, 3.119]","[[-11.512, -2.541, 2.796], [-8.47, 0.193, 3.441]]"
5868524_1_0_void.stl,YES,1,"[0.277, 20.509, 8.891]","[[0.244, 20.298, 8.874], [0.31, 20.72, 8.907]]"
5868524_1_0_void.stl,YES,2,"[-1.791, 171.602, 1.856]","[[-1.795, 171.52, 1.845], [-1.787, 171.684, 1.866]]"
5868524_1_0_void.stl,YES,3,"[-3.856, 152.711, 3.643]","[[-3.859, 152.691, 3.641], [-3.854, 152.732, 3.644]]"
5842715_1_0_void.stl,YES,1,"[7.521, -38.448, 2.134]","[[7.52, -38.448, 2.134], [7.521, -38.447, 2.134]]"
5842715_1_0_void.stl,YES,2,"[-18.624, 5.906, 1.688]","[[-19.849, 4.16, 1.635], [-17.399, 7.652, 1.742]]"
5903545_2_1_void.stl,YES,1,"[-46.02, -15.045, 1.973]","[[-46.891, -16.26, 1.615], [-45.15, -13.83, 2.331]]"
5903545_2_1_void.stl,YES,2,"[15.843, -31.736, 0.982]","[[15.832, -31.746, 0.979], [15.854, -31.726, 0.984]]"
5903545_2_1_void.stl,YES,3,"[-35.892, -21.717, 2.091]","[[-35.968, -21.865, 2.049], [-35.815, -21.569, 2.132]]"
5903545_2_0_void.stl,NO,,,
5820406_1_0_void.stl,NO,,,
5816424_1_2_void.stl,NO,,,
5821076_1_0_void.stl,YES,1,"[115.294, 2.751, 131.719]","[[115.294, 2.75, 131.719], [115.295, 2.751, 131.72]]"
5821076_1_0_void.stl,YES,2,"[152.886, 2.543, 149.52]","[[152.693, 2.516, 149.057], [153.08, 2.569, 149.982]]"
5823799_4_0_void.stl,NO,,,
5823799_4_1_void.stl,NO,,,
5771614_2_1_void.stl,YES,1,"[21.796, 0.537, 1.271]","[[21.796, 0.537, 1.271], [21.796, 0.537, 1.271]]"
5884572_1_1_void.stl,NO,,,
5771614_2_0_void.stl,YES,1,"[4.351, 3.586, 4.647]","[[4.346, 3.584, 4.645], [4.355, 3.587, 4.649]]"
5771614_2_0_void.stl,YES,2,"[25.515, -1.956, 1.594]","[[25.339, -1.986, 1.549], [25.691, -1.927, 1.639]]"
5884572_1_0_void.stl,NO,,,
5840852_7_0_void.stl,YES,1,"[-12.232, -3.571, 21.391]","[[-12.269, -3.601, 21.362], [-12.196, -3.54, 21.419]]"
5840852_7_0_void.stl,YES,2,"[-18.406, -23.436, 30.18]","[[-18.412, -23.442, 30.174], [-18.4, -23.43, 30.187]]"
5840852_7_0_void.stl,YES,3,"[15.047, -18.019, 32.603]","[[14.971, -18.179, 32.547], [15.123, -17.86, 32.659]]"
5840852_7_0_void.stl,YES,4,"[8.648, -23.893, 0.843]","[[8.584, -23.973, 0.79], [8.711, -23.813, 0.897]]"
5840852_7_0_void.stl,YES,5,"[-4.289, -15.134, 1.622]","[[-4.461, -15.204, 1.558], [-4.117, -15.064, 1.686]]"
5892823_1_2_void.stl,YES,1,"[4.674, -37.175, 1.315]","[[4.673, -37.195, 1.314], [4.676, -37.155, 1.316]]"
5892823_1_2_void.stl,YES,2,"[-2.247, -6.351, 8.193]","[[-2.625, -11.077, 8.072], [-1.869, -1.626, 8.314]]"
5892823_1_2_void.stl,YES,3,"[13.346, 125.431, 5.125]","[[13.28, 124.712, 5.104], [13.413, 126.15, 5.147]]"
5864029_1_2_void.stl,NO,,,
5826735_2_0_void.stl,YES,1,"[-10.061, -16.699, 21.223]","[[-10.08, -16.764, 21.212], [-10.042, -16.634, 21.235]]"
5826735_2_0_void.stl,YES,2,"[-23.21, 30.092, 4.839]","[[-23.216, 30.08, 4.835], [-23.205, 30.104, 4.842]]"
5826735_2_0_void.stl,YES,3,"[7.08, -40.056, 2.156]","[[7.063, -40.091, 2.145], [7.097, -40.021, 2.166]]"
5826735_2_0_void.stl,YES,4,"[32.5, -12.199, 10.054]","[[32.5, -12.2, 10.054], [32.5, -12.198, 10.054]]"
5826735_2_0_void.stl,YES,5,"[12.323, 1.042, 17.865]","[[12.318, 1.035, 17.862], [12.329, 1.049, 17.868]]"
5864029_1_3_void.stl,NO,,,
5826735_2_1_void.stl,YES,1,"[29.891, 12.874, 9.527]","[[29.851, 12.84, 9.506], [29.93, 12.909, 9.548]]"
5826735_2_1_void.stl,YES,2,"[-3.071, 11.162, 15.159]","[[-3.328, 10.759, 14.982], [-2.814, 11.565, 15.337]]"
5826735_2_1_void.stl,YES,3,"[6.184, 42.173, 17.626]","[[5.753, 41.619, 17.389], [6.615, 42.727, 17.864]]"
5826735_2_1_void.stl,YES,4,"[-19.743, -6.249, 3.296]","[[-19.86, -6.407, 3.257], [-19.627, -6.09, 3.335]]"
5835595_1_0_void.stl,YES,1,"[-22.393, -12.559, 25.694]","[[-23.457, -13.117, 25.142], [-21.329, -12.001, 26.246]]"
5782067_1_3_void.stl,NO,,,
5876560_2_0_void.stl,NO,,,
5782067_1_2_void.stl,NO,,,
5876560_2_1_void.stl,NO,,,
5815969_1_0_void.stl,YES,1,"[4.258, 30.49, 48.779]","[[4.258, 30.489, 48.778], [4.259, 30.49, 48.779]]"
5852998_1_2_void.stl,NO,,,
5807879_2_2_void.stl,YES,1,"[12.834, -12.883, 8.404]","[[12.645, -13.007, 8.37], [13.023, -12.759, 8.438]]"
5807879_2_3_void.stl,YES,1,"[-16.48, 4.664, 4.857]","[[-16.48, 4.664, 4.857], [-16.48, 4.664, 4.857]]"
5807879_2_3_void.stl,YES,2,"[-8.563, -15.417, 1.048]","[[-8.736, -15.636, 1.0], [-8.389, -15.198, 1.096]]"
5903116_9_2_void.stl,NO,,,
5858994_1_1_void.stl,NO,,,
5842342_1_2_void.stl,NO,,,
5835992_2_2_void.stl,NO,,,
5858994_1_0_void.stl,NO,,,
5903116_5_1_void.stl,YES,1,"[-2.024, -4.712, 2.749]","[[-2.636, -6.042, 2.496], [-1.413, -3.381, 3.002]]"
5903116_5_0_void.stl,YES,1,"[2.482, -9.477, 0.721]","[[2.463, -9.51, 0.715], [2.5, -9.444, 0.727]]"
5903116_5_0_void.stl,YES,2,"[-6.299, 3.212, 2.988]","[[-6.338, 3.131, 2.969], [-6.259, 3.293, 3.007]]"
5903116_5_0_void.stl,YES,3,"[14.896, -13.397, 13.13]","[[14.628, -13.763, 13.054], [15.165, -13.031, 13.205]]"
5903116_5_0_void.stl,YES,4,"[-2.501, -18.98, 1.883]","[[-3.774, -20.591, 1.448], [-1.227, -17.37, 2.318]]"
5852984_1_1_void.stl,NO,,,
5852984_1_0_void.stl,YES,1,"[-7.489, -21.78, 1.086]","[[-7.78, -21.91, 1.056], [-7.198, -21.649, 1.117]]"
5916098_1_1_void.stl,YES,1,"[2.905, -6.508, 0.491]","[[2.859, -6.585, 0.485], [2.951, -6.432, 0.498]]"
5916098_1_0_void.stl,YES,1,"[-5.012, 4.367, 1.017]","[[-5.012, 4.367, 1.017], [-5.012, 4.367, 1.017]]"
5916098_1_0_void.stl,YES,2,"[-1.313, -7.084, 0.35]","[[-1.332, -7.099, 0.348], [-1.293, -7.07, 0.353]]"
5771254_1_2_void.stl,NO,,,
5779934_1_0_void.stl,NO,,,
5838700_1_0_void.stl,NO,,,
5873277_2_0_void.stl,NO,,,
5873277_2_1_void.stl,NO,,,
5777962_1_3_void.stl,YES,1,"[16.457, 1.273, 8.512]","[[16.445, 1.27, 8.507], [16.468, 1.277, 8.517]]"
5777962_1_3_void.stl,YES,2,"[3.492, 1.898, 0.694]","[[3.48, 1.895, 0.688], [3.505, 1.901, 0.699]]"
5777962_1_3_void.stl,YES,3,"[-16.055, -1.362, 20.472]","[[-16.057, -1.363, 20.471], [-16.053, -1.361, 20.473]]"
5777962_1_2_void.stl,NO,,,
5758968_15_1_void.stl,YES,1,"[-29.868, -74.276, 4.029]","[[-29.943, -74.358, 4.012], [-29.794, -74.194, 4.046]]"
5758968_15_0_void.stl,YES,1,"[-61.561, 41.354, 33.684]","[[-61.564, 41.349, 33.683], [-61.558, 41.36, 33.685]]"
5758968_15_0_void.stl,YES,2,"[-60.489, -4.787, 0.337]","[[-60.491, -4.789, 0.337], [-60.488, -4.785, 0.338]]"
5927031_1_0_void.stl,NO,,,
5838704_1_2_void.stl,NO,,,
5838704_1_3_void.stl,NO,,,
5758968_12_0_void.stl,YES,1,"[0.249, 1.657, 2.257]","[[0.222, 1.62, 2.199], [0.276, 1.694, 2.314]]"
5758968_12_0_void.stl,YES,2,"[-0.483, -4.992, 9.696]","[[-0.785, -6.084, 7.785], [-0.181, -3.901, 11.608]]"
5758968_12_0_void.stl,YES,3,"[0.539, -5.106, 19.483]","[[-0.392, -6.679, 15.621], [1.469, -3.533, 23.346]]"
5758968_12_0_void.stl,YES,4,"[0.227, 2.944, 6.173]","[[0.183, 2.583, 5.969], [0.272, 3.305, 6.378]]"
5826522_1_1_void.stl,YES,1,"[18.045, 3.047, 0.996]","[[18.044, 3.047, 0.995], [18.046, 3.047, 0.996]]"
5758968_12_1_void.stl,YES,1,"[1.058, -7.247, 24.093]","[[0.966, -7.508, 23.843], [1.15, -6.985, 24.343]]"
5758968_12_1_void.stl,YES,2,"[-0.663, -3.767, 3.825]","[[-0.718, -3.962, 3.586], [-0.608, -3.571, 4.064]]"
5758968_12_1_void.stl,YES,3,"[0.351, -2.458, 2.869]","[[0.299, -2.593, 2.663], [0.402, -2.322, 3.075]]"
5826522_1_0_void.stl,NO,,,
5799425_1_2_void.stl,NO,,,
5782691_2_2_void.stl,YES,1,"[-21.936, -1.181, 3.409]","[[-21.936, -1.181, 3.409], [-21.936, -1.181, 3.409]]"
5782691_2_3_void.stl,NO,,,
5819451_1_0_void.stl,NO,,,
5819451_1_1_void.stl,NO,,,
5785245_1_2_void.stl,YES,1,"[25.488, 4.762, 1.985]","[[24.063, 4.224, 0.858], [26.912, 5.3, 3.113]]"
5785245_1_2_void.stl,YES,2,"[29.568, 3.51, 11.066]","[[27.935, 2.402, 10.065], [31.2, 4.618, 12.067]]"
5785245_1_2_void.stl,YES,3,"[19.243, 24.556, 8.81]","[[19.134, 24.504, 8.691], [19.351, 24.607, 8.928]]"
5785245_1_2_void.stl,YES,4,"[29.926, 24.146, 8.205]","[[29.893, 24.118, 8.179], [29.959, 24.175, 8.23]]"
5840913_1_2_void.stl,NO,,,
5840913_1_3_void.stl,NO,,,
5758968_4_0_void.stl,NO,,,
5765487_1_3_void.stl,YES,1,"[61.214, -14.31, 3.811]","[[60.699, -16.187, 3.492], [61.73, -12.433, 4.129]]"
5765487_1_3_void.stl,YES,2,"[57.714, -47.148, 3.575]","[[57.711, -47.154, 3.573], [57.718, -47.143, 3.576]]"
5765487_1_3_void.stl,YES,3,"[56.602, 5.08, 15.223]","[[56.295, 4.151, 15.035], [56.91, 6.009, 15.412]]"
5885189_8_1_void.stl,NO,,,
5758968_4_1_void.stl,NO,,,
5885189_8_0_void.stl,NO,,,
5765487_1_2_void.stl,NO,,,
5903116_2_0_void.stl,YES,1,"[5.262, 1.198, 19.252]","[[5.162, 1.18, 19.223], [5.361, 1.216, 19.281]]"
5903116_2_1_void.stl,NO,,,
5821964_3_0_void.stl,NO,,,
5856723_1_3_void.stl,NO,,,
5856723_1_2_void.stl,NO,,,
5838716_1_2_void.stl,NO,,,
5887493_1_2_void.stl,NO,,,
5800327_1_0_void.stl,YES,1,"[-1.452, 3.649, 6.175]","[[-1.63, 3.494, 5.797], [-1.274, 3.803, 6.552]]"
5800327_1_0_void.stl,YES,2,"[-0.196, 0.661, 13.837]","[[-1.167, -1.1, 11.232], [0.775, 2.422, 16.443]]"
5771406_2_0_void.stl,YES,1,"[64.153, 36.803, 6.605]","[[64.082, 36.658, 6.584], [64.224, 36.947, 6.626]]"
5837564_1_0_void.stl,YES,1,"[6.943, 0.687, 8.815]","[[6.868, 0.584, 8.716], [7.019, 0.791, 8.914]]"
5837564_1_0_void.stl,YES,2,"[9.072, 5.482, 26.248]","[[9.071, 5.481, 26.247], [9.073, 5.482, 26.249]]"
5821942_1_2_void.stl,NO,,,
5775050_2_0_void.stl,YES,1,"[0.171, 5.836, 5.443]","[[0.168, 5.828, 5.438], [0.173, 5.843, 5.447]]"
5775050_2_0_void.stl,YES,2,"[-0.646, 6.875, 3.997]","[[-0.817, 6.175, 3.667], [-0.474, 7.576, 4.327]]"
5775050_2_1_void.stl,YES,1,"[0.714, 8.719, 8.472]","[[0.713, 8.717, 8.471], [0.716, 8.722, 8.474]]"
5775050_2_1_void.stl,YES,2,"[1.214, 1.605, 4.065]","[[1.194, 1.568, 4.033], [1.234, 1.641, 4.097]]"
5816748_1_0_void.stl,NO,,,
5816748_1_1_void.stl,YES,1,"[193.587, 65.379, 20.866]","[[193.566, 65.368, 20.862], [193.608, 65.391, 20.87]]"
5846890_1_3_void.stl,YES,1,"[-4.92, -5.252, 0.78]","[[-6.434, -6.767, 0.464], [-3.407, -3.737, 1.095]]"
5846890_1_3_void.stl,YES,2,"[-3.84, -10.76, 0.663]","[[-3.845, -10.765, 0.661], [-3.835, -10.755, 0.664]]"
5839581_2_1_void.stl,YES,1,"[-34.995, -8.435, 2.957]","[[-39.737, -17.657, 2.414], [-30.253, 0.787, 3.499]]"
5839581_2_1_void.stl,YES,2,"[-25.112, 6.07, 2.547]","[[-25.147, 6.023, 2.544], [-25.076, 6.117, 2.549]]"
5839581_2_0_void.stl,YES,1,"[-34.004, -12.128, 4.606]","[[-34.205, -12.397, 4.585], [-33.802, -11.859, 4.627]]"
5839581_2_0_void.stl,YES,2,"[-10.679, 83.374, 2.487]","[[-15.44, 77.032, 1.811], [-5.919, 89.715, 3.163]]"
5839581_2_0_void.stl,YES,3,"[-22.725, -6.592, 3.22]","[[-22.969, -6.881, 3.207], [-22.48, -6.303, 3.233]]"
5846890_1_2_void.stl,NO,,,
5846103_1_0_void.stl,YES,1,"[23.838, 8.778, 1.081]","[[23.32, 7.705, 0.938], [24.355, 9.85, 1.225]]"
5846103_1_0_void.stl,YES,2,"[12.84, 6.022, 1.579]","[[12.794, 5.959, 1.56], [12.887, 6.084, 1.597]]"
5823799_3_1_void.stl,NO,,,
5823799_3_0_void.stl,NO,,,
5761827_1_0_void.stl,YES,1,"[7.996, 3.982, 44.474]","[[-37.172, -42.924, 9.921], [53.163, 50.887, 79.027]]"
5761827_1_1_void.stl,YES,1,"[-26.226, 14.535, 40.028]","[[-53.183, -25.286, 4.815], [0.73, 54.357, 75.24]]"
5866985_1_0_void.stl,YES,1,"[8.667, 6.51, 20.624]","[[2.982, 0.508, 14.26], [14.352, 12.512, 26.988]]"
5866985_1_0_void.stl,YES,2,"[11.056, 8.357, 10.981]","[[10.621, 7.879, 10.199], [11.49, 8.836, 11.764]]"
5911816_3_0_void.stl,NO,,,
5758968_9_0_void.stl,NO,,,
5783959_1_0_void.stl,YES,1,"[-2.929, 1.679, 11.112]","[[-2.99, 1.614, 10.922], [-2.872, 1.751, 11.245]]"
5783959_1_0_void.stl,YES,2,"[10.031, 1.857, 10.902]","[[9.853, 1.656, 10.214], [10.246, 2.121, 11.298]]"
5783959_1_0_void.stl,YES,3,"[3.565, 10.851, 7.883]","[[3.561, 10.847, 7.881], [3.569, 10.855, 7.884]]"
5783959_1_0_void.stl,YES,4,"[3.431, 1.293, 11.614]","[[3.425, 1.284, 11.609], [3.437, 1.303, 11.619]]"
5885189_5_1_void.stl,NO,,,
5911816_3_1_void.stl,YES,1,"[32.909, -1.587, 5.902]","[[32.755, -1.614, 5.86], [33.063, -1.559, 5.943]]"
5911816_3_1_void.stl,YES,2,"[40.603, -2.922, 6.739]","[[40.412, -2.953, 6.715], [40.795, -2.891, 6.763]]"
5866985_1_1_void.stl,NO,,,
5885189_5_0_void.stl,NO,,,
5783959_1_1_void.stl,YES,1,"[-2.929, 1.679, 11.112]","[[-2.99, 1.614, 10.922], [-2.872, 1.751, 11.245]]"
5783959_1_1_void.stl,YES,2,"[10.031, 1.857, 10.902]","[[9.853, 1.656, 10.214], [10.246, 2.121, 11.298]]"
5785050_7_0_void.stl,YES,1,"[22.12, -2.347, 7.022]","[[22.114, -2.351, 7.021], [22.126, -2.343, 7.023]]"
5903116_3_2_void.stl,NO,,,
5885189_9_2_void.stl,YES,1,"[-1.678, -6.728, 1.517]","[[-1.689, -6.799, 1.494], [-1.667, -6.657, 1.541]]"
5885189_9_2_void.stl,YES,2,"[3.985, 6.074, 6.797]","[[3.975, 6.045, 6.793], [3.996, 6.104, 6.802]]"
5885189_9_2_void.stl,YES,3,"[2.044, 12.498, 7.801]","[[1.953, 12.121, 7.758], [2.135, 12.874, 7.844]]"
5885189_9_2_void.stl,YES,4,"[-1.74, 5.693, 1.161]","[[-1.741, 5.692, 1.161], [-1.74, 5.694, 1.162]]"
5822295_1_0_void.stl,NO,,,
5822295_1_1_void.stl,YES,1,"[40.831, -9.385, 5.919]","[[40.812, -9.407, 5.906], [40.85, -9.362, 5.931]]"
5822295_1_1_void.stl,YES,2,"[30.616, 2.173, 3.267]","[[27.977, -1.675, 2.569], [33.254, 6.02, 3.964]]"
5829845_1_3_void.stl,NO,,,
5829845_1_2_void.stl,NO,,,
5832367_1_0_void.stl,YES,1,"[7.215, 3.757, 0.333]","[[7.166, 3.742, 0.331], [7.263, 3.773, 0.335]]"
5832367_1_0_void.stl,YES,2,"[-8.804, 4.518, 0.475]","[[-8.946, 4.442, 0.471], [-8.661, 4.594, 0.479]]"
5832367_1_0_void.stl,YES,3,"[2.18, -3.758, 0.909]","[[2.173, -3.765, 0.908], [2.187, -3.751, 0.91]]"
5832367_1_0_void.stl,YES,4,"[-2.553, -4.303, 0.868]","[[-3.881, -4.909, 0.79], [-1.224, -3.697, 0.946]]"
5832367_1_0_void.stl,YES,5,"[-9.109, 2.04, 0.167]","[[-9.317, 1.928, 0.162], [-8.901, 2.152, 0.172]]"
5832367_1_1_void.stl,YES,1,"[3.039, 4.188, 0.752]","[[1.933, 3.504, 0.674], [4.145, 4.872, 0.831]]"
5832367_1_1_void.stl,YES,2,"[9.741, -3.106, 0.171]","[[9.738, -3.107, 0.171], [9.744, -3.104, 0.171]]"
5872677_1_2_void.stl,YES,1,"[9.633, 42.338, 0.865]","[[7.757, 40.762, 0.66], [11.509, 43.915, 1.07]]"
5872677_1_2_void.stl,YES,2,"[-15.349, -48.073, 0.373]","[[-15.395, -48.12, 0.368], [-15.302, -48.026, 0.379]]"
5872677_1_2_void.stl,YES,3,"[-15.898, 40.483, 2.602]","[[-15.94, 40.444, 2.601], [-15.856, 40.522, 2.603]]"
5803369_1_0_void.stl,NO,,,
5825805_1_1_void.stl,YES,1,"[-13.354, -10.228, 0.476]","[[-13.663, -10.408, 0.197], [-13.045, -10.047, 0.755]]"
5825805_1_1_void.stl,YES,2,"[-15.752, -7.735, 0.938]","[[-15.753, -7.736, 0.938], [-15.751, -7.735, 0.939]]"
5825805_1_1_void.stl,YES,3,"[-9.562, 9.757, 9.468]","[[-10.564, 9.282, 8.928], [-8.559, 10.232, 10.009]]"
5825805_1_1_void.stl,YES,4,"[-24.654, 10.151, 2.443]","[[-24.662, 10.145, 2.44], [-24.646, 10.157, 2.446]]"
5825805_1_0_void.stl,YES,1,"[-2.77, 9.758, 14.077]","[[-2.77, 9.758, 14.077], [-2.77, 9.758, 14.077]]"
5825805_1_0_void.stl,YES,2,"[19.802, -3.467, 1.826]","[[19.562, -3.52, 1.675], [20.041, -3.414, 1.977]]"
5825805_1_0_void.stl,YES,3,"[3.373, -4.549, 0.941]","[[3.371, -4.55, 0.941], [3.375, -4.549, 0.941]]"
5823799_2_2_void.stl,NO,,,
5806465_1_2_void.stl,YES,1,"[31.786, -2.536, 0.601]","[[31.523, -2.894, 0.597], [32.05, -2.177, 0.605]]"
5806465_1_2_void.stl,YES,2,"[39.584, 14.066, 0.521]","[[37.753, 10.355, 0.498], [41.416, 17.777, 0.544]]"
5806465_1_2_void.stl,YES,3,"[49.767, 10.929, 0.711]","[[49.134, 10.485, 0.705], [50.401, 11.373, 0.717]]"
5763731_1_0_void.stl,YES,1,"[16.002, 13.198, 21.497]","[[16.001, 13.196, 21.495], [16.004, 13.199, 21.499]]"
5763731_1_0_void.stl,YES,2,"[26.403, 41.653, 5.568]","[[25.36, 41.03, 4.397], [27.445, 42.275, 6.739]]"
5763731_1_0_void.stl,YES,3,"[33.948, 43.58, 7.366]","[[33.71, 43.474, 7.069], [34.186, 43.685, 7.663]]"
5763731_1_1_void.stl,YES,1,"[27.171, 29.997, 23.984]","[[26.764, 29.603, 23.531], [27.578, 30.391, 24.438]]"
5763731_1_1_void.stl,YES,2,"[42.892, 26.864, 19.098]","[[42.886, 26.859, 19.093], [42.899, 26.868, 19.103]]"
5846172_1_1_void.stl,NO,,,
5857441_1_2_void.stl,YES,1,"[0.893, 11.775, 0.405]","[[-0.477, 9.08, 0.275], [2.264, 14.471, 0.535]]"
5857441_1_3_void.stl,YES,1,"[-1.842, 14.497, 2.263]","[[-1.929, 14.409, 2.259], [-1.756, 14.586, 2.268]]"
5846172_1_0_void.stl,NO,,,
5771278_2_2_void.stl,YES,1,"[24.9, 11.37, 3.411]","[[24.72, 11.261, 3.401], [25.079, 11.479, 3.421]]"
5771278_2_2_void.stl,YES,2,"[12.827, 20.027, 2.758]","[[12.827, 20.026, 2.758], [12.828, 20.027, 2.758]]"
5771278_2_3_void.stl,YES,1,"[12.124, 5.129, 3.449]","[[12.104, 5.107, 3.447], [12.143, 5.15, 3.452]]"
5771278_2_3_void.stl,YES,2,"[7.762, 21.609, 1.297]","[[7.631, 21.49, 1.286], [7.892, 21.728, 1.309]]"
5771278_2_3_void.stl,YES,3,"[27.255, 3.1, 3.402]","[[27.23, 3.071, 3.399], [27.281, 3.129, 3.404]]"
5771406_3_2_void.stl,NO,,,
5840784_3_3_void.stl,YES,1,"[34.408, 1.178, 76.843]","[[34.401, 1.176, 76.831], [34.416, 1.181, 76.854]]"
5840784_3_3_void.stl,YES,2,"[120.907, 15.005, 63.209]","[[110.405, 13.059, 59.028], [131.408, 16.95, 67.391]]"
5840784_3_3_void.stl,YES,3,"[56.306, 14.364, 51.644]","[[51.939, 13.796, 48.666], [60.674, 14.931, 54.623]]"
5840784_3_2_void.stl,YES,1,"[76.384, 15.611, 69.444]","[[71.526, 15.2, 65.571], [81.242, 16.023, 73.316]]"
5799425_5_0_void.stl,YES,1,"[-0.167, 0.68, 1.687]","[[-0.204, 0.601, 1.655], [-0.131, 0.759, 1.718]]"
5799425_5_0_void.stl,YES,2,"[-0.347, 0.387, 1.936]","[[-0.433, 0.323, 1.923], [-0.261, 0.451, 1.95]]"
5837782_1_0_void.stl,NO,,,
5830102_1_2_void.stl,YES,1,"[49.361, 33.75, 28.502]","[[42.883, 28.556, 25.178], [55.839, 38.945, 31.825]]"
5830102_1_2_void.stl,YES,2,"[30.719, 10.451, 0.158]","[[30.707, 10.438, 0.153], [30.731, 10.465, 0.164]]"
5837782_1_1_void.stl,YES,1,"[-49.383, 29.426, 1.323]","[[-49.383, 29.426, 1.323], [-49.383, 29.427, 1.323]]"
5837782_1_1_void.stl,YES,2,"[21.7, -49.018, 1.545]","[[21.637, -49.064, 1.541], [21.763, -48.971, 1.549]]"
5785050_2_1_void.stl,YES,1,"[-3.311, 11.545, 30.024]","[[-4.55, 10.351, 29.161], [-2.072, 12.739, 30.888]]"
5922844_1_0_void.stl,YES,1,"[12.016, 0.091, 22.007]","[[12.0, -0.071, 21.737], [12.064, 0.175, 22.104]]"
5922844_1_0_void.stl,YES,2,"[-12.016, 0.091, 22.007]","[[-12.064, -0.071, 21.737], [-12.0, 0.175, 22.104]]"
5785050_2_0_void.stl,YES,1,"[0.984, 11.211, 27.081]","[[-0.938, 10.232, 24.989], [2.905, 12.191, 29.173]]"
5785050_2_0_void.stl,YES,2,"[-3.35, 5.104, 8.81]","[[-3.538, 5.031, 8.665], [-3.163, 5.177, 8.954]]"
5785050_2_0_void.stl,YES,3,"[-7.559, 2.923, 31.613]","[[-8.305, 1.817, 30.24], [-6.813, 4.029, 32.986]]"
5785050_2_0_void.stl,YES,4,"[15.261, 5.157, 20.381]","[[15.258, 5.155, 20.38], [15.265, 5.158, 20.383]]"
5911816_6_0_void.stl,NO,,,
5911816_6_1_void.stl,NO,,,
5903116_6_2_void.stl,NO,,,
5826735_1_3_void.stl,NO,,,
5879302_1_3_void.stl,NO,,,
5826735_1_2_void.stl,NO,,,
5879302_1_2_void.stl,NO,,,
5892823_2_0_void.stl,YES,1,"[5.012, 112.67, 0.234]","[[5.011, 112.663, 0.234], [5.012, 112.676, 0.235]]"
5892823_2_0_void.stl,YES,2,"[-0.398, 118.397, 1.692]","[[-0.419, 118.109, 1.682], [-0.377, 118.686, 1.703]]"
5892823_2_0_void.stl,YES,3,"[0.801, 55.174, 12.227]","[[0.786, 55.082, 12.221], [0.816, 55.266, 12.232]]"
5856715_4_2_void.stl,NO,,,
5892823_2_1_void.stl,YES,1,"[1.861, 6.026, 1.784]","[[1.325, 3.864, 1.583], [2.397, 8.188, 1.985]]"
5779197_2_0_void.stl,NO,,,
5779197_2_1_void.stl,NO,,,
5849854_2_1_void.stl,NO,,,
5849854_2_0_void.stl,NO,,,
5852998_2_1_void.stl,NO,,,
5787004_1_0_void.stl,NO,,,
5795286_1_2_void.stl,YES,1,"[-27.642, 25.203, 43.503]","[[-27.647, 25.198, 43.5], [-27.638, 25.208, 43.507]]"
5795286_1_2_void.stl,YES,2,"[-11.633, 61.772, 7.474]","[[-11.676, 61.725, 7.404], [-11.591, 61.819, 7.544]]"
5852998_2_0_void.stl,NO,,,
5795286_1_3_void.stl,NO,,,
5844344_5_0_void.stl,NO,,,
5860487_2_0_void.stl,NO,,,
5840852_8_1_void.stl,YES,1,"[-5.908, -20.781, 15.056]","[[-8.94, -25.943, 13.206], [-2.877, -15.619, 16.907]]"
5840852_8_0_void.stl,YES,1,"[-7.14, 22.464, 10.863]","[[-12.796, 18.592, 6.466], [-1.484, 26.336, 15.26]]"
5856398_1_1_void.stl,YES,1,"[0.608, 39.684, 27.742]","[[0.096, 36.848, 26.882], [1.119, 42.52, 28.601]]"
5856398_1_0_void.stl,YES,1,"[-3.832, 45.281, 28.141]","[[-4.275, 42.641, 27.491], [-3.389, 47.92, 28.792]]"
5821076_2_2_void.stl,YES,1,"[43.875, 46.728, 66.262]","[[43.733, 46.652, 66.207], [44.017, 46.803, 66.316]]"
5803369_4_0_void.stl,NO,,,
5868576_2_2_void.stl,YES,1,"[37.342, 10.87, 1.788]","[[37.112, 10.73, 1.71], [37.572, 11.01, 1.865]]"
5868576_2_3_void.stl,YES,1,"[18.402, 29.394, 3.059]","[[18.401, 29.394, 3.059], [18.402, 29.395, 3.059]]"
5868576_2_3_void.stl,YES,2,"[8.307, 13.969, 0.335]","[[8.306, 13.969, 0.334], [8.308, 13.97, 0.335]]"
5922756_1_1_void.stl,NO,,,
5922756_1_0_void.stl,NO,,,
5868332_1_2_void.stl,NO,,,
5785050_3_2_void.stl,NO,,,
5773521_3_2_void.stl,NO,,,
5903116_7_0_void.stl,YES,1,"[9.733, -1.543, 0.986]","[[7.753, -2.342, 0.674], [11.713, -0.745, 1.297]]"
5903116_7_0_void.stl,YES,2,"[5.555, -1.899, 3.718]","[[3.554, -3.049, 3.292], [7.557, -0.748, 4.144]]"
5903116_7_0_void.stl,YES,3,"[11.398, -1.766, 5.909]","[[9.563, -2.488, 5.533], [13.232, -1.044, 6.285]]"
5903116_7_0_void.stl,YES,4,"[-0.317, 6.419, 2.056]","[[-1.15, 5.469, 1.698], [0.517, 7.369, 2.414]]"
5758968_1_0_void.stl,YES,1,"[-15.894, 16.338, 0.159]","[[-15.907, 16.32, 0.136], [-15.88, 16.357, 0.182]]"
5758968_1_0_void.stl,YES,2,"[16.482, -7.138, 3.224]","[[16.482, -7.138, 3.224], [16.482, -7.138, 3.224]]"
5758968_1_1_void.stl,YES,1,"[25.374, 11.196, 27.843]","[[25.322, 11.167, 27.798], [25.427, 11.225, 27.888]]"
5758968_1_1_void.stl,YES,2,"[8.992, 10.88, 1.188]","[[8.992, 10.88, 1.188], [8.993, 10.88, 1.188]]"
5882023_1_2_void.stl,YES,1,"[57.17, -0.796, 3.696]","[[57.139, -0.822, 3.692], [57.202, -0.771, 3.701]]"
5840784_2_0_void.stl,YES,1,"[199.159, 5.791, 119.1]","[[199.112, 5.788, 119.06], [199.205, 5.795, 119.14]]"
5799425_4_2_void.stl,YES,1,"[-0.167, -0.873, 0.787]","[[-0.17, -0.926, 0.774], [-0.165, -0.819, 0.8]]"
5799425_4_2_void.stl,YES,2,"[0.182, -4.267, 0.69]","[[0.181, -4.278, 0.689], [0.182, -4.256, 0.691]]"
5799425_4_2_void.stl,YES,3,"[0.044, 3.04, 0.986]","[[-0.041, 2.195, 0.797], [0.129, 3.885, 1.176]]"
5857991_1_3_void.stl,NO,,,
5799425_4_3_void.stl,YES,1,"[-0.166, -1.57, 0.828]","[[-0.201, -2.504, 0.737], [-0.131, -0.636, 0.919]]"
5857991_1_2_void.stl,NO,,,
5831426_1_3_void.stl,NO,,,
5831426_1_2_void.stl,NO,,,
5803369_9_1_void.stl,NO,,,
5803922_1_0_void.stl,YES,1,"[-11.728, 3.353, 1.771]","[[-11.813, 3.258, 1.662], [-11.642, 3.448, 1.879]]"
5803922_1_0_void.stl,YES,2,"[-5.981, 1.874, 55.357]","[[-5.985, 1.869, 55.354], [-5.977, 1.88, 55.361]]"
5803922_1_0_void.stl,YES,3,"[2.089, -6.239, 31.406]","[[2.042, -6.279, 31.364], [2.136, -6.2, 31.448]]"
5803369_9_0_void.stl,NO,,,
5803922_1_1_void.stl,NO,,,
5921592_1_3_void.stl,NO,,,
5921592_1_2_void.stl,YES,1,"[-9.289, 0.314, 1.317]","[[-9.292, 0.311, 1.317], [-9.286, 0.316, 1.317]]"
5805749_3_2_void.stl,YES,1,"[13.899, 4.139, 1.587]","[[13.366, 3.973, 1.149], [14.431, 4.305, 2.024]]"
5805749_3_2_void.stl,YES,2,"[29.915, 1.642, 4.261]","[[29.872, 1.632, 4.249], [29.958, 1.652, 4.273]]"
5805749_3_2_void.stl,YES,3,"[13.472, 4.388, 1.234]","[[13.425, 4.384, 1.226], [13.52, 4.393, 1.242]]"
5805749_3_2_void.stl,YES,4,"[0.998, 3.205, 6.117]","[[0.994, 3.202, 6.113], [1.003, 3.208, 6.12]]"
5805749_3_2_void.stl,YES,5,"[13.364, 2.017, 2.909]","[[11.92, 1.72, 2.506], [14.809, 2.315, 3.312]]"
5803369_11_1_void.stl,NO,,,
5803369_11_0_void.stl,NO,,,
5821387_1_2_void.stl,YES,1,"[31.409, 16.537, 0.154]","[[31.053, 16.339, 0.121], [31.764, 16.735, 0.188]]"
5434965_1_0_void.stl,YES,1,"[-6.162, -8.593, 2.198]","[[-6.634, -9.376, 2.004], [-5.689, -7.81, 2.392]]"
5823799_6_0_void.stl,NO,,,
5434965_1_1_void.stl,YES,1,"[8.067, 6.088, 0.889]","[[8.058, 6.062, 0.881], [8.077, 6.113, 0.896]]"
5434965_1_1_void.stl,YES,2,"[-3.598, -2.872, 2.499]","[[-3.925, -3.066, 2.39], [-3.272, -2.678, 2.608]]"
5780726_1_0_void.stl,NO,,,
5780726_1_1_void.stl,NO,,,
5840852_5_1_void.stl,YES,1,"[-2.51, 5.622, 8.383]","[[-6.366, 3.638, 6.604], [1.347, 7.605, 10.162]]"
5840852_5_1_void.stl,YES,2,"[6.868, -0.368, 9.919]","[[1.395, -2.518, 8.993], [12.341, 1.782, 10.844]]"
5840852_5_1_void.stl,YES,3,"[-11.605, 24.767, 11.703]","[[-11.945, 24.478, 11.523], [-11.265, 25.056, 11.882]]"
5840852_5_0_void.stl,YES,1,"[-6.44, 17.323, 4.493]","[[-8.753, 14.621, 3.906], [-4.128, 20.025, 5.08]]"
5840852_5_0_void.stl,YES,2,"[7.806, 18.841, 14.561]","[[6.442, 16.184, 13.682], [9.17, 21.498, 15.44]]"
5840852_5_0_void.stl,YES,3,"[2.217, -3.892, 14.925]","[[0.352, -4.982, 14.583], [4.083, -2.802, 15.267]]"
5840852_5_0_void.stl,YES,4,"[-7.679, 1.175, 2.063]","[[-7.946, 0.807, 1.898], [-7.412, 1.544, 2.228]]"
5840852_5_0_void.stl,YES,5,"[19.046, 29.451, 16.993]","[[19.016, 29.42, 16.981], [19.077, 29.482, 17.006]]"
5865546_1_2_void.stl,NO,,,
5908466_1_0_void.stl,NO,,,
5921362_1_0_void.stl,YES,1,"[10.041, -4.168, 2.182]","[[9.99, -4.217, 2.17], [10.092, -4.119, 2.194]]"
5921362_1_0_void.stl,YES,2,"[-2.113, -10.642, 2.774]","[[-2.157, -10.682, 2.769], [-2.069, -10.602, 2.779]]"
5921362_1_0_void.stl,YES,3,"[-3.569, -9.899, 4.728]","[[-3.572, -9.901, 4.727], [-3.565, -9.897, 4.728]]"
5921362_1_1_void.stl,YES,1,"[-10.173, 3.977, 2.379]","[[-10.173, 3.976, 2.379], [-10.173, 3.977, 2.379]]"
5921362_1_1_void.stl,YES,2,"[9.918, 3.023, 3.194]","[[9.918, 3.022, 3.194], [9.919, 3.023, 3.194]]"
5908466_1_1_void.stl,NO,,,
5840852_9_2_void.stl,YES,1,"[2.643, -19.541, 30.308]","[[1.701, -20.529, 29.819], [3.585, -18.552, 30.797]]"
5840852_9_2_void.stl,YES,2,"[-9.984, -9.844, 29.91]","[[-11.092, -10.639, 29.276], [-8.877, -9.048, 30.544]]"
5840852_9_2_void.stl,YES,3,"[-5.843, -13.095, 24.438]","[[-6.781, -14.458, 23.594], [-4.906, -11.733, 25.281]]"
5840852_9_2_void.stl,YES,4,"[-17.928, 24.479, 8.876]","[[-18.26, 24.16, 8.471], [-17.596, 24.798, 9.281]]"
5815969_3_0_void.stl,YES,1,"[11.166, 8.953, 6.817]","[[11.132, 8.905, 6.732], [11.201, 9.002, 6.903]]"
